index,CMPD_CHEMBLID,exp,smiles
47,CHEMBL1096,1.1,CC(C)c1ccc2Oc3nc(N)c(cc3C(=O)c2c1)C(=O)O
482,CHEMBL271939,2.4,Oc1ccc(cc1)C2CC(=O)c3ccc(O)cc3O2
2506,CHEMBL2024676,3.15,CN(C)C(=O)N[C@@H]1CC[C@@H](CCN2CCN(CC2)c3ccc(Cl)c(Cl)c3)CC1
3480,CHEMBL1783246,3.8,CCCNC(=O)c1nnc2c(cccc2c1N)c3ccccc3
3003,CHEMBL376632,2.5,Cc1cc(nc(n1)n2ccnc2)N3CCC[C@@H]3C(=O)NCCc4ccc5OCOc5c4
3610,CHEMBL1419,3.6,CC(C)CC(N(C)C)C1(CCC1)c2ccc(Cl)cc2
3257,CHEMBL9967,-0.49,CN1CCN(CC(=O)N2c3ccccc3C(=O)Nc4cccnc24)CC1
2272,CHEMBL11334,2.63,CC(C)C(NC(=O)CN1C(=O)C(=CN=C1C(C)C)NC(=O)OCc2ccccc2)C(=O)C(F)(F)F
2948,CHEMBL2035033,2.0,NC1(CCC1)c2ccc(cc2)c3c(ccn4ccnc34)c5ccccc5
2441,CHEMBL1123,3.72,CCN(CC)CCOC(=O)C1(CCCCC1)C2CCCCC2
2192,CHEMBL513370,2.36,COc1ccc(N(C(C(=O)NC[C@@H](C)O)c2ccccc2F)C(=O)c3ccoc3Cl)c(OC)c1
326,CHEMBL1889452,2.11,CC1N(C(=O)c2ccccc2)c3ccccc3NC1=O
786,CHEMBL1650725,1.75,C[C@H](Nc1ncc(C)c(Nc2cc(C)[nH]n2)n1)c3ncc(F)cn3
2347,CHEMBL210884,2.26,COCCOc1nc(N)c2NC(=O)N(Cc3ccccc3)c2n1
3261,CHEMBL1946027,2.65,CCN(C)C(=O)c1ccc(cc1)C(=C2CCN(Cc3cscn3)CC2)c4cccc5cccnc45
2723,CHEMBL261237,3.3,N\C(=C(\C#N)/c1ccccc1C(F)(F)F)\Sc2ccc(N)cc2
3586,CHEMBL1762542,2.2,CN(c1ccnc(Nc2cc(cc(c2)C(=O)N3CCOCC3)N4CCOCC4)n1)c5cc(CO)ccc5C
4191,CHEMBL1835910,3.1,CCOC(=O)c1ccc(OCC2CN(C2)c3ccc(C)nn3)cc1
1452,CHEMBL48966,3.3,C(Cc1nc2ccccc2[nH]1)c3nc4ccccc4[nH]3
756,CHEMBL1399152,2.58,[O-][N+](=O)c1ccc2c(c1)nc3CCCCCn23
3062,CHEMBL1289465,2.7,Fc1ccc(C2CCN(CC2)C(=O)COCc3ccncc3)c(Cl)c1
411,CHEMBL1682836,3.1,CN1CCOc2cc(COC3CCCCC3)cnc12
1416,CHEMBL1566034,1.21,O=C(N1CC(=O)Nc2ccccc12)c3occc3
1247,CHEMBL2086687,3.0,C[C@@H]1CN(CCN1c2ncc(OCc3ccncc3C#N)cn2)C(=O)OCC(F)(F)F
4029,CHEMBL2325740,2.95,COCCC(NC(=O)C1(N)CCN(CC1)c2ncnc3[nH]ccc23)c4ccc(Cl)cc4
2631,CHEMBL2036774,3.32,Clc1ccc(NC(=O)N2CCN(C[C@H]3CN(CCO3)C4CC4)CC2)cc1Cl
2562,CHEMBL1891338,3.7,COc1cccc(CNc2nc(NC(C)C)nc3ccsc23)c1OC
300,CHEMBL322271,1.92,Oc1ccc(CCNCCCS(=O)(=O)NCCOCCc2cccc(Cl)c2)c3sc(O)nc13
417,CHEMBL208487,2.74,CC(C)CN1C(=O)N(C)C(=O)c2c1sc(Cc3ccccc3C(F)(F)F)c2C(=O)N4CC[C@@H](O)C4
2544,CHEMBL1180250,1.0,Oc1c2C(=O)N(NC(=O)c2nc3cc(Cl)ccc13)C(C4CC4)c5ccccn5
2600,CHEMBL1096435,3.86,CS(=O)(=O)c1ccc(cc1)[C@@H](CC2CCCC2)C(=O)Nc3nccs3
4157,CHEMBL255170,3.4,Cc1ccc(Oc2ccc(Nc3ncnc4[nH]nc(OCCN5CCC(O)CC5)c34)cc2Cl)cn1
3872,CHEMBL289959,2.94,N(c1ccccc1)c2ncnc3ccccc23
2977,CHEMBL1363,0.42,COc1ccc(C[C@@H](C)NC[C@H](O)c2ccc(O)c(NC=O)c2)cc1
281,CHEMBL1917436,0.2,CC(=O)Nc1ccc2c(c1)c(Sc3ccc(Cl)cc3)c(C)n2CC(=O)O
3778,CHEMBL385563,2.6,Clc1ccc2OCOc2c1Nc3ncnc4cc(OCCN5CCCC5)cc(OC6CCOCC6)c34
2206,CHEMBL1777848,2.8,Oc1ccc(cc1)C2=Cc3cccc(O)c3OC2=O
919,CHEMBL1950730,1.32,CN[C@@H](C)C(=O)N[C@@H](C1CCCCC1)C(=O)N[C@H]2CCCN(C2)C(=O)Cc3ccccc3
3997,CHEMBL2011441,0.99,COc1nc(Br)cnc1NS(=O)(=O)c2ccc(Cl)s2
3751,CHEMBL456801,3.39,C[C@H](Nc1nc(NC[C@@H](O)CO)c(Cl)c(Nc2cc([nH]n2)C3CC3)n1)c4ccc(F)cc4
1256,CHEMBL2158841,2.98,OC(=O)[C@H](Cc1ccc(F)cc1)N2CCC(CN3CCC(CC3)Oc4ccc(Cl)c(Cl)c4)CC2
3552,CHEMBL1428115,2.1,CC(CC(=O)NCc1ccccc1)C2CCCO2
4083,CHEMBL1669158,2.8,CCOc1cc(ccc1NC(=O)CN2CCOCC2)c3cccc4C(=O)C=C(Oc34)N5CCOCC5
4174,CHEMBL335759,3.6,C(Cn1c2CCCCc2c3c(nc(nc13)N4CCCC4)N5CCCC5)N6CCOCC6
348,CHEMBL1190521,1.89,CCOC(=O)C1(CCCN(CC2CC2)C1)c3cccc(O)c3
1842,CHEMBL61835,0.84,CS(=O)(=O)c1ccc(c[n+]1[O-])C(=O)Nc2ccc(F)cc2
1901,CHEMBL1650273,3.31,Nc1nc(cs1)c2ccc(Cl)cc2
3271,CHEMBL1933588,-0.06,C[C@H]1O[C@H]([C@H](O)[C@@H]1O)n2cnc3c(N)nc(OC4CCOC4)nc23
3526,CHEMBL469008,3.2,CN1C(=O)N(CC2CC2)c3nn(Cc4ccnc5ccc(Cl)cc45)c(c6cc(oc6C)S(=O)(=O)C)c3C1=O
1877,CHEMBL1511829,3.1,Nc1ncnc2oc(c3cocc3)c(c4occc4)c12
983,CHEMBL2169908,2.67,C[C@@H]1CN(CCN1C(=O)[C@@H]2CCCC[C@H]2C(=O)NC3(CC3)C#N)c4ccc5c(C)noc5c4
1778,CHEMBL66089,3.2,Nc1ncnc2nc(cc(c3cccc(Br)c3)c12)c4ccc(nc4)N5CCOCC5
3172,CHEMBL1809194,3.7,COc1cc(ccc1Nc2ncc(Br)c(n2)c3cnc4ccccn34)N5CCN(CC5)C(=O)C
1089,CHEMBL1957266,3.82,Cc1sc2c(C(=N[C@@H](CC(=O)OC(C)(C)C)c3nnc(C)n23)c4ccc(Cl)cc4)c1C
3959,CHEMBL516601,3.34,COc1cc2ncc(C(=O)N)c(Nc3ccc(C)cc3F)c2cc1OC
1160,CHEMBL70824,2.16,CN(C)CCCN(C)S(=O)(=O)c1ccc(Nc2nccc(n2)c3cnc4ccccn34)cc1
2899,CHEMBL402208,1.18,Cc1cc(CN2CCC2)cnc1c3ccc(cc3)C(=O)Nc4ccccc4N
3106,CHEMBL1456,2.26,COc1c(C)c2COC(=O)c2c(O)c1C\C=C(/C)\CCC(=O)OCCN3CCOCC3
249,CHEMBL1934423,0.78,C[C@H](NC(=O)c1c(C)nn(C2CCOC2)c1NS(=O)(=O)c3ccc(C)cc3)C(C)(C)C
2733,CHEMBL341161,2.61,Fc1cc(ccc1C2=CCOCC2)N3C[C@H](COc4ccon4)OC3=O
3652,CHEMBL650,2.12,C[C@H]1C[C@H]2[C@@H]3CC[C@](O)(C(=O)CO)[C@@]3(C)C[C@H](O)[C@@H]2[C@@]4(C)C=CC(=O)C=C14
1238,CHEMBL514257,3.75,OC[C@H](Nc1ncc(Cl)c(Nc2cc([nH]n2)C3CC3)n1)c4ccc(F)cc4
2946,CHEMBL1938680,2.4,Clc1ccc(cc1)c2oc(cc2)C(=O)Nc3ccc(cc3)N4CCNCC4
3076,CHEMBL2036568,3.6,Fc1ccccc1Nc2oc(nn2)C(=O)Nc3ccc(N4CCOCC4)c(F)c3
2965,CHEMBL1807815,0.79,Nc1nc(OC2CCCC2)nc3c1ncn3[C@@H]4O[C@H](CO)[C@@H](O)[C@H]4O
1635,CHEMBL474102,3.2,Cc1nc(nc(N2CCCC2)c1Cl)c3ccccn3
27,CHEMBL528217,2.27,C(CCCCNc1cc(nc2ccccc12)c3ccccc3)CCCNc4cc(nc5ccccc45)c6ccccc6
4084,CHEMBL319077,1.76,C1CN2CCC1C(C2)c3ccc(cc3)c4ccccc4
3864,CHEMBL574621,2.66,COc1cc(Nc2cc(Oc3cccnc3)ccn2)cc(OC)c1OC
2827,CHEMBL484663,3.3,Oc1ccc(cc1)C2=CC(=O)c3cc(O)ccc3O2
3111,CHEMBL191003,1.87,Nc1nc(Nc2ccc(cc2)S(=O)(=O)N)nn1C(=O)c3c(F)cccc3F
2393,CHEMBL190243,1.64,C[C@@H](C(=O)NCCN1CCCC1)c2ccc(OS(=O)(=O)C(F)(F)F)cc2
3130,CHEMBL75435,-0.06,C[C@H](C(=O)O)c1cccc(c1)C(=O)c2ccccc2
479,CHEMBL440464,0.5,CN1CCCC1c2cccnc2
3907,CHEMBL1257599,4.0,CNc1ncnc2c(CNc3cc(NC(=O)c4ccc5OCCOc5c4)ccc3C)cccc12
4082,CHEMBL1669156,2.3,COc1cc(ccc1NC(=O)CN2CCOCC2)c3cccc4C(=O)C=C(Oc34)N5CCOCC5
2660,CHEMBL573287,3.51,COc1ccc(Nc2cc(Oc3cc(C)c(C)nc3c4ccccn4)ccn2)cc1
2265,CHEMBL184052,3.6,COc1cc2ncnc(Nc3cc(NC(=O)c4cccc(c4)N5CCOCC5)ccc3C)c2cc1OC
2628,CHEMBL1809207,3.1,COc1cc(ccc1Nc2ncc(Cl)c(n2)c3cnc4cc(CO)ccn34)N5CCN(CC5)C(=O)C
1259,CHEMBL2086670,2.89,C[C@@H]1CN(CCN1c2ncc(OCc3ccc(cc3)C#N)cn2)C(=O)OC(C)(C)C
505,CHEMBL1947153,1.99,O[C@@H](CNCCc1cccc(CN2CCC(CC2)c3ccccc3)c1)c4ccc(O)c5NC(=O)Sc45
1362,CHEMBL1644,-0.86,CC1=C(N2[C@H](SC1)[C@H](NC(=O)[C@H](N)c3ccc(O)cc3)C2=O)C(=O)O
24,CHEMBL641,1.2,CNCC[C@@H](Oc1ccccc1C)c2ccccc2
2632,CHEMBL1829270,1.38,CCC(N(CCCN)C(=O)c1ccccc1)C2=Nc3ccsc3C(=O)N2Cc4ccccc4
1279,CHEMBL153370,0.08,CC(C)C[C@H](NC(=O)N1CCOCC1)C(=O)NCC#N
938,CHEMBL1917418,2.18,Cc1ccc2c(c1)c(Sc3ccc(Cl)cc3)c(C)n2CC(=O)O
1307,CHEMBL1770464,2.03,C[C@H](Oc1ccc(SCCCCCc2ccccc2)cc1)C(=O)c3nc(C)c(CCCC(=O)O)s3
752,CHEMBL2207285,3.67,O[C@H](CNC(=O)C1=CNC(=O)c2cc(ccc12)S(=O)(=O)NC3CC3)CN4CCC(CC4)Oc5ccc(Cl)c(Cl)c5
1919,CHEMBL2179277,1.09,CC1=CN([C@H]2CCCN(C2)[C@H](CC(C)(C)C)c3ccc(C(=O)O)c(Oc4cccc(Br)c4)c3)C(=O)NC1=O
2082,CHEMBL1916085,2.01,CN(C1CCCCC1)C(=O)c2cnn(c2NS(=O)(=O)c3ccc(C)cc3)c4ccccc4
3687,CHEMBL1720835,2.9,c1ccc(cc1)c2cn3ccccc3n2
3315,CHEMBL266128,1.26,Nc1ncnc2ccccc12
3591,CHEMBL84597,3.97,CC(C)N1C(=O)N(C)C(=O)c2cn(Cc3cccc4ccccc34)cc12
1805,CHEMBL1625198,1.54,Clc1ccc(cc1Cl)C2=CSC3=NCCN23
571,CHEMBL86754,2.19,Oc1c(I)cc(I)c2cccnc12
3979,CHEMBL494505,1.22,CCC(=O)N1CCN(CC1)C(=O)c2cc(CC3=NNC(=O)c4ccccc34)ccc2F
1644,CHEMBL1835909,3.44,CCOC(=O)c1ccc(OCC2CCN(C2)c3ccc(C)nn3)cc1
4053,CHEMBL422,4.31,CN1CCN(CCCN2c3ccccc3Sc4ccc(cc24)C(F)(F)F)CC1
397,CHEMBL1738761,0.76,NCC[C@@H](Oc1cc(Cl)ccc1C#N)c2ccccc2
4075,CHEMBL1609658,3.01,CCOc1ccc(cc1)c2cnc3CCCCCn23
2956,CHEMBL2171047,2.2,Cc1ccc(cc1)S(=O)(=O)NC(=O)N2CCC(CC2)N3CCC(CC3)Oc4ccc(Cl)c(C)c4Cl
3895,CHEMBL202721,3.5,COc1cc2c(Nc3ccc(NC(=O)c4ccccc4)cc3)ncnc2cc1OCCCN5CCOCC5
2640,CHEMBL344319,1.05,Cc1c(CCC(=O)O)c[nH]c1\C=C\2/C(=O)Nc3ccccc23
3326,CHEMBL470916,2.25,Nc1c(nc(nc1N2CCOCC2)C#N)N3CCCC3
942,CHEMBL559696,2.18,O=C1NC=Nc2scc(c3cccs3)c12
2745,CHEMBL1916540,1.72,COc1ccc2C(=CC(=O)N(CCN3CCC(CC3)NCc4cc5OCCOc5cn4)c2c1)C
3642,CHEMBL560423,0.26,OC1(CNC(=O)c2cc(ccc2Cl)N3N=CC(=O)NC3=O)CCCCCC1
3815,CHEMBL1807851,1.78,C[C@H]1O[C@H]([C@H](O)[C@@H]1O)n2cnc3c(N)nc(OCC4CC45CC5)nc23
2373,CHEMBL513412,2.04,COc1ccc(N(C(C(=O)NC[C@@H](C)O)c2ccccc2F)C(=O)c3occc3C)c(OC)c1
4015,CHEMBL2035037,2.5,Cn1cnc2c(c3ccc(cc3)C4(N)CCC4)c(ccc12)c5ccccc5
1723,CHEMBL1055,0.97,NS(=O)(=O)c1cc(ccc1Cl)C2(O)NC(=O)c3ccccc23
3651,CHEMBL550637,2.12,Cc1ccc(cc1NC(=O)CC23CC4CC(CC(C4)C2)C3)C(=O)N5CC6CNCC(C5)O6
3653,CHEMBL1087268,2.9,C[C@H](Nc1nc(Nc2ncc(C)s2)cc(n1)N3CCN(C)CC3)c4ccc(F)cn4
3905,CHEMBL1381233,3.1,O=C(Nc1ccncc1)c2cccc3ccccc23
2233,CHEMBL267936,-0.84,CNC1(C)C2CCC(C2)C1(C)C
1711,CHEMBL1916282,1.44,C[C@H](NC(=O)c1c(C)nn(c1NS(=O)(=O)c2ccc(C)cc2)c3ccccc3)C(C)(C)C
3031,CHEMBL1917454,1.26,Cc1c(Oc2ccc(Cl)cc2)c3cc(F)ccc3n1CC(=O)O
529,CHEMBL1762541,3.0,CN(c1ccnc(Nc2cc(CN3CCOCC3)cc(c2)N4CCOCC4)n1)c5cc(CO)ccc5C
1287,CHEMBL2331751,2.3,CC1=CN([C@H]2CCCN(C2)S(=O)(=O)c3ccc(O)c(Oc4cccc(Br)c4)c3)C(=O)NC1=O
284,CHEMBL499028,0.91,COc1ccccc1c2nnc(N)[nH]2
2637,CHEMBL327027,3.8,c1ccc(cc1)c2c[nH]c(n2)c3ccccc3
2663,CHEMBL155103,1.2,CCOC(=O)C1=Cc2ccc(O)cc2OC1=O
3579,CHEMBL260488,0.69,CCOC(=O)c1cc(O)c(nn1)c2ccccc2
3878,CHEMBL453222,2.34,COCCOc1ccc(cc1)c2cc(C(=O)N)c(NC(=O)N)s2
3117,CHEMBL2158781,1.81,Cc1cc(F)ccc1OC2CCN(CC3CCN(CC3)[C@@H](Cc4ccc(F)cc4)C(=O)O)CC2
3847,CHEMBL2036745,2.48,OC(=O)C[C@@H]1CC[C@H](CC1)c2ccc(NC(=O)c3oc(Nc4ccccc4F)nn3)cc2
1135,CHEMBL1209736,3.21,Brc1ccc(cc1)S(=O)(=O)NCC(N2CCCCCC2)c3ccccc3
3094,CHEMBL204772,1.34,CC(C)CN1C(=O)N(C)C(=O)c2c1sc(Cn3c(C)nc4ccccc34)c2C(=O)N5CC[C@@H](O)C5
1114,CHEMBL2031466,1.56,CC(C)NC(=O)c1ccc(C)c(c1)N2C=Nc3ccc(cc3C2=O)N4CCN(C)CC4
3036,CHEMBL436826,4.25,CCOc1ccc(cc1)N2C(=O)c3ccccc3N=C2[C@@H](C)N(Cc4cccnc4)C(=O)Cc5ccc(cc5)C(F)(F)F
1935,CHEMBL394799,3.31,C[C@H](CO)Nc1nc(SCc2cccc(Cl)c2)nc3nc(N)sc13
909,CHEMBL11336,1.82,COC(=O)NC1=CN=C(N(CC(=O)NC(C(C)C)C(=O)C(F)(F)F)C1=O)c2ccc(F)cc2
3679,CHEMBL1951079,-0.87,COc1cc(OC)c(cc1NC(=O)CCC(=O)O)S(=O)(=O)N2C(C)CCc3ccccc23
2704,CHEMBL300846,2.0,COc1cc(ccc1Cc2c[nH]c3ccc(NC(=O)CC4CCCC4)cc23)C(=O)NS(=O)(=O)c5ccccc5C
3660,CHEMBL1080786,1.5,N[C@@H](Cc1cccs1)C(=O)N[C@]2(C[C@H]2c3ccccc3)C#N
1320,CHEMBL325475,3.75,CCn1c2ccccc2c3cc(NC(=O)CCc4ccncc4)ccc13
3814,CHEMBL350563,4.0,CCO\N=C(\C1CCN(CC1)C2(C)CCN(CC2)C(=O)c3c(Cl)cncc3Cl)/c4ccc(Br)cc4
244,CHEMBL1479463,2.0,COc1cc(O)cc2OC=C(C(=O)c12)c3ccc(O)cc3
1212,CHEMBL111660,1.1,CCc1ccc(NC(=O)c2ccc3cc(ccc3c2)C(=N)N)cc1
88,CHEMBL1650728,2.6,COc1cc(Nc2nc(N[C@@H](C)c3ncc(F)cn3)ncc2Br)n[nH]1
303,CHEMBL358816,1.02,O=C1Nc2ccccc2C(=O)C=C1
3227,CHEMBL2208427,3.12,COc1cc(ccc1N)C(=O)NC[C@@H](O)CN2CCC(CC2)Oc3ccc(Cl)c(Cl)c3
3939,CHEMBL389911,1.1,COC(=O)c1cccc(CN2NC(=O)C3=C(C2=O)C(=O)c4ccc(Cl)cc4N3)c1
2999,CHEMBL48082,1.68,Nc1nccc(n1)c2c[nH]c3ccccc23
354,CHEMBL1762157,3.73,CC1(C)N(Cc2ccnc(c2)N3CCOCC3)C(=O)N(C1=O)c4ccc(SC(F)(F)F)cc4
2575,CHEMBL214350,1.27,Cc1ccc2c(c1)c(c(C)n2CC(=O)O)c3ccnc4c(cccc34)C(F)(F)F
2878,CHEMBL1775179,3.0,CC(C)OC(=O)N1CCC(CC1)Oc2ncnc3c2cnn3c4ccc(cc4F)S(=O)(=O)C
3900,CHEMBL143181,2.98,CC(O)(C(=O)Nc1ccc(cc1)S(=O)(=O)c2ccccc2)C(F)(F)F
3521,CHEMBL625,2.35,c1ccc2[nH]c(nc2c1)c3cscn3
3783,CHEMBL2031224,2.93,COc1ccccc1C(=O)Nc2ccc(C)c(c2)N3C=Nc4ccc(cc4C3=O)N5CCN(C)CC5
246,CHEMBL1213085,3.55,Cc1ccccc1N2C(=Nc3cccc(C)c3C2=O)Cn4nc(c5ccc(O)c(F)c5)c6c(N)ncnc46
2363,CHEMBL2030813,-0.48,OC(=O)[C@H](Cc1ccc(OCCNc2ccccn2)cc1)NC(=O)c3c(Cl)cccc3Cl
2902,CHEMBL112994,2.22,Oc1ccc(CCNCCNS(=O)(=O)CCOCCCc2ccccc2)c3sc(O)nc13
1607,CHEMBL1223872,0.22,CN(C)C(=O)N[C@@H]1CC[C@H](CCN2[C@@H]3CC[C@H]2C[C@H](C3)Oc4cccc(c4)C(=O)N)CC1
2103,CHEMBL2331843,2.0,CCc1[nH]c2nc(Sc3cnc4ccc[n+]([O-])c4c3)nc(N5CC[C@@H](N)C5)c2c1Cl
3223,CHEMBL2086478,2.25,Cc1ccc(NC(=O)C=C)cc1
4032,CHEMBL1778865,1.8,COc1cc(F)ccc1c2cncc(CNCC3CC3)n2
1328,CHEMBL367556,0.66,NC1=NC2(CCN(CC2)C(=O)c3ccc(cc3)C#N)Nc4cccc(F)c14
3006,CHEMBL488085,2.45,CC(C)n1c(C)ncc1c2ccnc(Nc3ccc(cc3)C(=O)N(C)C)n2
3636,CHEMBL1630742,0.6,NCCCCCc1c[nH]c2ccc(F)cc12
2713,CHEMBL268362,1.8,COc1ccccc1CNC(=O)c2ccc3cnccc3n2
4008,CHEMBL217090,2.3,Clc1ccc2OCOc2c1Nc3ncnc4cc(OCCCN5CCCC5)cc(OC6CCOCC6)c34
3601,CHEMBL113690,2.39,CCCCn1c(Cc2cc(OC)c(OC)c(OC)c2)nc3c(N)ncnc13
3559,CHEMBL380648,0.1,Fc1ccc(CC2=NNC(=O)c3ccccc23)cc1C(=O)N4CCCNCC4
4180,CHEMBL1477036,2.93,CCCCC(CC)COC(=O)CC(C(=O)OCC(CC)CCCC)S(=O)(=O)O
133,CHEMBL90531,3.2,[O-][N+](=O)c1ccc2OC(CN(c2c1)c3cccc[n+]3[O-])(C(F)F)C(F)F
4177,CHEMBL1605804,0.31,Cc1ccnc2nc(nn12)C(=O)Nc3nccs3
3383,CHEMBL1439795,1.3,O=S(=O)(N1CCOCC1)c2cccc(c2)c3cn4cccnc4n3
2524,CHEMBL1430414,2.35,Fc1cc2[nH]cnc2cc1Cl
3424,CHEMBL314566,3.58,Oc1cc(Cl)cc(Cl)c1
170,CHEMBL8809,1.09,CCN1CCC[C@H]1CNC(=O)c2c(O)c(Cl)cc(Cl)c2OC
3805,CHEMBL292376,3.0,COc1cccc(c1)[C@@H](C)NCCCc2ccccc2Cl
1244,CHEMBL2031467,1.47,CCNC(=O)c1ccc(C)c(c1)N2C=Nc3ccc(cc3C2=O)N4CCN(C)CC4
1895,CHEMBL1934421,1.08,C[C@H](NC(=O)c1c(C)nn(C2CCN(CC(F)(F)F)CC2)c1NS(=O)(=O)c3ccc(C)cc3)C(C)(C)C
2368,CHEMBL2062578,3.09,OCc1ccc2ccn(c3cc(NC4CC4)n5ncc(C#N)c5n3)c2c1
2824,CHEMBL2325698,3.0,CC[C@@H]1COCCN1c2cc(nc(n2)c3cccc4[nH]ccc34)C5(CC5)S(=O)(=O)C
1501,CHEMBL1934417,0.78,COCCC(C)n1nc(C)c(C(=O)N[C@@H](C)C(C)(C)C)c1NS(=O)(=O)c2ccc(C)cc2
1742,CHEMBL503732,2.63,CNC1=Nc2ncccc2C(=NC1c3cccs3)c4cccs4
1826,CHEMBL127907,2.6,COc1cc2ncnc(Nc3cccc(O)c3)c2cc1OC
81,CHEMBL492234,2.6,COC(=O)c1ccc(C)c(NS(=O)(=O)c2ccc3N(C)SC(=O)c3c2)c1
3168,CHEMBL218490,0.27,CCN[C@H]1C[C@H](C)S(=O)(=O)c2sc(cc12)S(=O)(=O)N
2057,CHEMBL1270670,3.7,CS(=O)(=O)c1cccc(Nc2nccc(Nc3c(Cl)ccc4ccoc34)n2)c1
935,CHEMBL518760,2.52,COc1cc2ncc(C(=O)N)c(Nc3ccc(F)cc3F)c2cc1NCCN4CCCCC4
4169,CHEMBL1916267,1.52,CCC(CC)NC(=O)c1cnn(Cc2ccccc2)c1NS(=O)(=O)c3ccc(C)cc3
1718,CHEMBL2086667,3.4,CC(C)(C)OC(=O)N1C[C@@H]2CC[C@H]1CN2c3ncc(OCc4ccc(cc4)S(=O)(=O)C)cn3
436,CHEMBL2164668,3.01,O=C(NC1(CC1)C#N)[C@@H]2CCCC[C@H]2C(=O)N3CCc4oc5ccccc5c4C3
3870,CHEMBL2321998,1.86,Clc1ccc(cc1Cl)C2CNCC=CC2
514,CHEMBL28636,2.8,COc1ccc(cc1F)c2cc(nn2c3ccc(cc3)S(=O)(=O)N)C(F)F
2809,CHEMBL597803,2.8,CN(Cc1ccc(Cl)cc1)C(=O)C2(N)CCN(CC2)c3ncnc4[nH]ccc34
4069,CHEMBL1338338,1.61,Fc1ccc(cc1)C(=O)C2CCN(CC2)C(=O)N3CCOCC3
2229,CHEMBL341226,4.21,COc1cccc(NC(=O)CC23CC4CC(CC(C4)C2)C3)c1C
3186,CHEMBL393384,1.83,Clc1ccc(OC2CCNCC2)cc1C(=O)NCC34CC5CC(CC(C5)C3)C4
3189,CHEMBL402011,2.89,C[C@@H](Oc1cccc2ncnc(Nc3ccc4c(cnn4Cc5ccccn5)c3)c12)C(=O)N(C)C
2075,CHEMBL1311211,2.3,O=C(CN1CCN(CC1)c2ccccc2)Nc3c(cnn3c4ccccc4)C#N
3832,CHEMBL1271081,3.16,CS(=O)(=O)c1cccc(Nc2nccc(n2)N(CC#N)c3c(Cl)ccc4OCOc34)c1
1479,CHEMBL2023117,3.42,CCn1cc(NC(=O)Cc2ccc(Oc3ccnc4cc(OC)c(OC)cc34)cc2OC)cn1
4199,CHEMBL237889,2.7,CN1C(=O)C=C(CCc2ccc3ccccc3c2)N=C1N
2372,CHEMBL1829422,1.37,CCC(N(CCCN)C(=O)c1ccc(C)cc1)C2=Nc3ccoc3C(=O)N2Cc4ccccc4
3899,CHEMBL2144138,0.4,NC(=O)C1CCN(CC(=O)Nc2ccc3OCOc3c2)CC1
2444,CHEMBL2181928,2.75,C[C@@H]1CN([C@@H](CO1)c2ccccc2)c3ccc4OCC(=O)Nc4n3
451,CHEMBL2325601,2.65,Nc1n[nH]cc1c2cc(ccc2Oc3cc(F)c(cc3Cl)S(=O)(=O)Nc4cscn4)C(F)(F)F
2591,CHEMBL2086653,3.4,CC(C)(C)OC(=O)N1CCN(CC1)c2cnc(OCc3ccc(cc3)S(=O)(=O)C)cn2
2237,CHEMBL330366,3.23,COc1cc(cc(OC)c1OC)C(=O)N2CC[C@@](CCN3CCC(CC3)(C(=O)N)c4ccccc4)(C2)c5ccc(Cl)c(Cl)c5
3575,CHEMBL397237,3.29,C[C@H](CO)Nc1nc(SCc2cccc(F)c2F)nc3nc(N)sc13
2928,CHEMBL268313,3.3,CC12CCC3C(CCC4=CC(=O)CCC34C)C1CCC2O
1780,CHEMBL235619,1.62,CCCCCC1=CC(=O)NC(=N1)N
2232,CHEMBL1875368,3.9,O=C(Cc1cccc2ccccc12)Nc3ccccc3
1801,CHEMBL2088118,3.92,Cn1cc(nc1c2c3C(=O)N(CC=C)C(=O)N(CC4CC4)c3nn2Cc5ccnc6ccc(Cl)cc56)C#N
2351,CHEMBL2031561,0.8,Oc1cc(cc(c1)C(F)(F)F)C(=O)Nc2cccc(c2)c3nnn[nH]3
2971,CHEMBL59438,3.1,Oc1ccc(cc1)c2ccc3cc(O)ccc3n2
2134,CHEMBL1366397,2.31,Oc1ccccc1OCC(=O)NC2CCCC2
3923,CHEMBL2062162,2.74,Clc1ccccc1CNC[C@@H]2CC[C@@H](CNCc3ccccc3Cl)CC2
2668,CHEMBL520734,1.06,NC(=O)Nc1sc(cc1C(=O)N[C@H]2CCCNC2)c3ccsc3
1092,CHEMBL1650737,2.85,COc1cc(Nc2nc(N[C@@H](C)c3ncc(F)cn3)nc(N4CCOCC4)c2Cl)n[nH]1
4035,CHEMBL1209583,4.09,FC(F)(F)Oc1ccccc1S(=O)(=O)NCC(N2CCCCCC2)c3ccccc3
845,CHEMBL505521,1.85,CNC1=Nc2ncccc2C(=NC1c3cccs3)c4occc4
3838,CHEMBL602365,-0.49,Cc1nc(NC(=N)N)nc2ccccc12
3826,CHEMBL1689135,1.66,C[C@H]1CN(Cc2cc(Cl)ccc2CC(=O)O)CCN1C(=O)Cc3ccc(Cl)cc3
3418,CHEMBL1809201,3.4,COc1cc(ccc1Nc2ncc(Cl)c(n2)c3cnc4c(N)cccn34)N5CCN(CC5)C(=O)C
48,CHEMBL1807822,2.28,O[C@@H](CNCCCOCCOCCc1cccc2ccccc12)c3ccc(O)c4NC(=O)Sc34
2295,CHEMBL271703,2.89,C[C@H](CO)Nc1nc(SCc2cccc(F)c2F)nc3nc(N)cnc13
2576,CHEMBL1682950,2.66,CC[C@H](NC(=O)c1c([S+](C)[O-])c(nc2ccccc12)c3ccsc3)c4ccccc4
1487,CHEMBL562690,1.56,Clc1cnc(OC2CCNCC2)cc1C(=O)NCC34CC5CC(CC(C5)C3)C4
1709,CHEMBL2105728,1.99,CC1(COc2ccc3c(c2)ncn3c4ccc5cccc(N6CCC(N)CC6)c5n4)COC1
3007,CHEMBL207100,1.74,CC(C)CN1C(=O)N(C)C(=O)c2c1sc(Cc3cncc4ccccc34)c2C(=O)N5CC[C@@H](O)C5
3735,CHEMBL2036572,2.4,Fc1ccccc1Nc2oc(nn2)C(=O)Nc3ccc(cn3)N4CCOCC4
2217,CHEMBL250687,3.99,CCCSc1nc(N[C@@H]2C[C@H]2c3ccccc3)c4nnn([C@@H]5C[C@H](CO)[C@@H](O)[C@H]5O)c4n1
333,CHEMBL1682824,3.2,O=C1CCOc2nc(\C=C\c3ccccc3)ccc12
2765,CHEMBL1187646,1.5,NCCCC(=O)OCCN1CCN(CCCN2c3ccccc3Sc4ccc(Cl)cc24)CC1
3536,CHEMBL1809060,3.0,COc1cc(ccc1Nc2ncc(Cl)c(n2)c3cnc4ccccn34)N5CC6COCC(C5)N6
4085,CHEMBL2036569,4.0,Cc1cc(NC(=O)c2oc(Nc3ccccc3F)nn2)ccc1N4CCOCC4
2220,CHEMBL1807824,0.86,CCc1ccc(CCNCCCSCCNC[C@H](O)c2ccc(O)c3NC(=O)Sc23)cc1
125,CHEMBL598194,2.88,NC1(CCN(CC1)c2ncnc3[nH]ccc23)C(=O)NCc4ccc(Cl)cc4
3565,CHEMBL2326476,2.66,Nc1nc2cc3CCN(Cc4ccccc4)CCc3cc2s1
3787,CHEMBL474200,2.68,CNC1=Nc2ncccc2C(=NC1c3cccs3)c4ccccc4
2731,CHEMBL100539,4.21,O=C(NCC12CC3CC(CC(C3)C1)C2)c4ccccc4
1925,CHEMBL2071614,2.73,CC(C)(O)c1ccc(Nc2nc3ccc(cc3[nH]2)C#N)cc1
2264,CHEMBL209522,2.37,Nc1ncnc2c1nc(Sc3nc4cccc(Cl)c4s3)n2CCO
1573,CHEMBL1233,2.01,CCCC(C)(COC(=O)N)COC(=O)NC(C)C
711,CHEMBL213294,2.94,COc1ccc(NC(=O)CSc2nnc(C)n2c3ccc(C)cc3)cc1
3205,CHEMBL447983,1.7,C[C@](N)(Cc1ccccc1)c2ccccc2
3859,CHEMBL207130,2.16,COc1cc2ncnc(Nc3cccc(Cl)c3F)c2cc1CN(C)C4(CCN(C)CC4)C(=O)N
2725,CHEMBL1682944,3.25,CC[C@H](NC(=O)c1c(CS(=O)(=O)C)c(nc2ccccc12)c3ccccc3)c4ccccc4
399,CHEMBL100945,2.8,CN(C)CC(O)COc1ccc(Nc2cc(ncn2)N(CC#C)c3cc(Cl)ccc3Cl)cc1
2343,CHEMBL1201295,3.57,Cc1ccc(cc1)C(=O)Oc2ccc(cc2OC(=O)c3ccc(C)cc3)C(O)CNC(C)(C)C
3194,CHEMBL1917425,2.15,Cc1c(Sc2ccc(Cl)cc2)c3c(Cl)cccc3n1CC(=O)O
1314,CHEMBL2165067,0.83,COc1ccc2N=CC(=O)N(CCN3CC[C@@H](NCc4ccc5OCC(=O)Nc5n4)[C@@H](F)C3)c2c1
393,CHEMBL1721498,2.72,Clc1ccc(cc1)C(=O)C2CCN(CC2)C(=O)C3CC3
205,CHEMBL2164680,3.5,C[C@H](NC(=O)[C@@H]1CCCC[C@H]1C(=O)N2CCc3[nH]c4ccc(F)cc4c3C2)C#N
1228,CHEMBL1909282,-0.22,OC(=O)Cc1csc(n1)c2ccc(Cl)cc2
1004,CHEMBL62136,4.5,OC(c1ccc(cc1)N(CC(F)(F)F)S(=O)(=O)c2ccccc2)(C(F)(F)F)C(F)(F)F
2375,CHEMBL1766082,3.1,CC(C)OC(=O)N1CC2COCC(C1)C2Oc3ncnc(Oc4cccnc4C)c3C
1269,CHEMBL1916543,0.2,COc1ncc2C=CC(=O)N(CCN3CCC(CC3)NCc4cc5OCCOc5cn4)c2n1
3916,CHEMBL715,2.19,CN1CCN(CC1)C2=Nc3ccccc3Nc4sc(C)cc24
1384,CHEMBL1614709,2.9,CN1CCN(CC1)c2ccc(Nc3ncc(F)c(N[C@@H]4[C@@H]5C[C@@H](C=C5)[C@@H]4C(=O)N)n3)cc2C
3913,CHEMBL87543,2.3,CC(C)N1CCC(CC1)N(C(=O)Cc2ccccc2)c3ccc(Cl)cc3
1542,CHEMBL1807856,3.18,C[C@H]1O[C@H]([C@H](O)[C@H]1Cl)n2cnc3c(N)nc(OC4CCCC4)nc23
881,CHEMBL1385161,-0.2,CC(=O)Nc1nc(N)n(n1)c2ccccc2
3439,CHEMBL639,2.46,CN1CCCC(CC1)N2N=C(Cc3ccc(Cl)cc3)c4ccccc4C2=O
3197,CHEMBL1224142,1.6,Cc1c(O[C@H]2C[C@H]3CC[C@@H](C2)N3Cc4ccccc4)cccc1C(=O)N
3072,CHEMBL192,2.8,CCCc1nn(C)c2C(=O)NC(=Nc12)c3cc(ccc3OCC)S(=O)(=O)N4CCN(C)CC4
3432,CHEMBL260200,1.53,CN(C)C(=O)c1ccc(CN2CCC(CC2)c3ccc(cc3)C(=O)Nc4ccccc4N)cc1
2205,CHEMBL335707,2.31,[O-][N+](=O)c1cccc(c1)c2ccc(OCC(CCc3ccc(cc3)C(=O)N4CCCC4)N5C(=O)CCCC5=O)cc2
3758,CHEMBL22183,2.6,CN(C)Cc1ccccc1Sc2ccc(C)cc2N
1998,CHEMBL395955,3.22,NC(=O)CN1C(=O)C(Cc2ccccc12)NC(=O)c3cc4cc(Cl)sc4[nH]3
3696,CHEMBL1829430,1.61,CCC(N(CCCN)C(=O)c1ccc(C)cc1)C2=Nc3snc(C)c3C(=O)N2Cc4ccccc4
3602,CHEMBL598191,1.16,NC(=N)c1cc2c(OCc3ccccc3)cccc2s1
2430,CHEMBL2177159,2.26,COCCNS(=O)(=O)c1ccc(cc1)c2cnc(N)c(n2)C(=O)Nc3cccnc3
1930,CHEMBL1650730,2.33,C[C@H](Nc1ncc(Cl)c(Nc2cc([nH]n2)N(C)C)n1)c3ncc(F)cn3
2581,CHEMBL2336329,1.26,CNCc1cccc(c1)c2ccc3c(nc(nc3n2)N4C[C@@H](C)O[C@@H](C)C4)N5CCOCC5
3328,CHEMBL256985,1.14,CCN1CCN(Cc2cnc(c3ccc(cc3)C(=O)Nc4ccccc4N)c(c2)C#N)CC1
3666,CHEMBL2207661,3.15,O[C@H](CNC(=O)c1c[nH]nc1C2CC2)CN3CCC(CC3)Oc4ccc(Cl)c(Cl)c4
2063,CHEMBL2325503,2.66,CS(=O)(=O)c1ccc(nc1)c2nnc(\C=C\c3oc(nn3)c4ccc(cc4)C#N)n2c5ccccc5Cl
1960,CHEMBL1194759,1.1,CCCC1CCCCC(=N1)N
4028,CHEMBL192943,0.56,CC(C)Cc1ccc(cc1)[C@H](C)C(=O)NS(=O)(=O)C
2142,CHEMBL107955,1.67,CCOC(=O)N1CCN(CC1)C(=O)[C@H](Cc2cccc(c2)C(=N)N)NS(=O)(=O)c3c(cc(cc3C(C)C)C(C)C)C(C)C
1133,CHEMBL351231,3.51,C[C@@H]1CCCN1CCc2oc3ccc(cc3c2)c4ccc(cc4)C#N
538,CHEMBL1508448,-0.2,CC(C)(C)c1cc(O)n2nc(N)nc2n1
4078,CHEMBL2036760,4.06,FC(F)(F)c1ccc(NC(=O)N2CCN(C[C@@H]3CCCN(C3)C4CC4)CC2)cc1Cl
2251,CHEMBL1270569,2.83,CS(=O)(=O)c1cccc(Nc2nccc(Nc3cccc4OCOc34)n2)c1
3405,CHEMBL1489611,3.0,Cc1cc(C)cc(c1)c2oc(SCC(=O)N3CCN(CC3)C(=O)c4occc4)nn2
150,CHEMBL1783284,3.37,COc1ccc(c(OC)n1)c2c(F)ccc3c(N)c(nnc23)C(=O)NC4CC4
3686,CHEMBL586058,2.7,[O-][N+](=O)c1cc(C(=O)NCC=C)c2N=C(Nc3ccc(Cl)c(Cl)c3)NC(=O)c2c1
1961,CHEMBL600780,0.44,NNC1=Nc2ccccc2NC1=O
509,CHEMBL480601,3.84,CC1(C)[C@@H]2CC[C@@]1(CS(=O)(=O)NC3CCN(CC3)c4ccc(cn4)C(F)(F)F)C(=O)C2
2321,CHEMBL1981679,0.64,CC(=O)O[C@H]1CC[C@]2(C=O)[C@H]3CC[C@]4(C)[C@H](CC[C@]4(O)[C@@H]3CC[C@]2(O)C1)C5=CC(=O)OC5
3146,CHEMBL1778637,-0.52,CS(=O)(=O)c1ccc(c(Cl)c1)c2cc(ccc2OCC(=O)O)C(F)(F)F
3789,CHEMBL480200,3.01,CN(C)c1cccc(c1)C(=O)Nc2ccc(C)c(c2)C(=O)Nc3cccnc3
3620,CHEMBL233658,3.64,OCC(CO)CN1C(=O)C(Cc2ccccc12)NC(=O)c3cc4cc(Cl)ccc4[nH]3
2886,CHEMBL1282,2.52,CC(C)Cn1cnc2c(N)nc3ccccc3c12
1098,CHEMBL1939752,3.02,CCOC(=O)Nc1cccc(c1)[C@H](N2CCN(Cc3cccnc3)CC2)c4ccc(cc4)C(=O)N5CCC5
4049,CHEMBL1689111,0.33,OC(=O)COc1ccc(Cl)cc1CN2CCN(CC2)S(=O)(=O)Cc3ccccc3
740,CHEMBL2179272,0.22,CC[C@H](N1CCC[C@@H](C1)N2C=C(C)C(=O)NC2=O)c3ccc(C(=O)O)c(Oc4cccc(Cl)c4)c3
999,CHEMBL340450,1.66,COc1ccc2c(c1)cc(C(=O)O)n2Cc3ccc(Cl)c(Cl)c3
1382,CHEMBL2010835,2.9,CN(C1CCN(Cc2ccc(cc2)C(F)(F)F)CC1)C(=O)Cc3ccc(NC(=O)C)cc3
3360,CHEMBL1219,-0.69,COCCCOc1ccnc(C[S+]([O-])c2nc3ccccc3[nH]2)c1C
854,CHEMBL2171027,0.66,OC(=O)CCCS(=O)(=O)c1cccc(c1)C(=O)N2CCC(CC2)N3CCC(CC3)Oc4ccc(Cl)c(Cl)c4
1349,CHEMBL1957841,3.3,O=C1C=C(N=C2N(Cc3cccc4ccccc34)C=CN12)N5CCOCC5
1297,CHEMBL128782,3.0,COc1c(cc2ccccc2c1C(=O)N(C)C[C@@H](CCN3CCC(CC3)N4CCCNC4=O)c5ccc(Cl)c(Cl)c5)C#N
4018,CHEMBL1809050,1.8,COc1cc(OC2CCNCC2)ccc1Nc3ncc(Cl)c(n3)c4cnc5ccccn45
3043,CHEMBL1411716,3.49,CSc1ccc(cc1)C(=O)C(C)(C)N2CCOCC2
1691,CHEMBL1223815,2.39,Cc1ccc(CN2[C@@H]3CC[C@H]2C[C@H](C3)Oc4cccc(c4)C(=O)N)s1
943,CHEMBL2087853,4.02,CC(C)N1C(=O)N(CC2CC2)c3nn(Cc4ccnc5ccc(Cl)cc45)c(c6cncn6C)c3C1=O
804,CHEMBL569720,1.92,C[C@H](Nc1nc(Nc2cc(C)[nH]n2)c(C)nc1C#N)c3ncc(F)cn3
3413,CHEMBL1297,0.71,CC(C(=O)O)c1cccc(Oc2ccccc2)c1
2410,CHEMBL1313395,3.66,Cc1sc2ncnc(N3CCN(CC3)c4ncccn4)c2c1C
3230,CHEMBL1478592,2.13,Cc1c(sc2ncnc(O)c12)C(=O)Nc3ccccc3
3067,CHEMBL212689,2.2,CCN(C1CCN(CC[C@H](c2ccc(cc2)S(=O)(=O)C)c3cc(F)cc(F)c3)CC1)C(=O)Cc4ccc(cc4)S(=O)(=O)C
1680,CHEMBL10188,3.91,CC[C@H](NC(=O)c1c(O)c(nc2ccccc12)c3ccccc3)c4ccccc4
1081,CHEMBL2058529,3.22,OC(=O)CCc1ccc(OCc2cc(Cl)ccc2c3ccccc3)cc1
3017,CHEMBL1824377,1.56,Oc1cccc(NC(=O)c2ccc(OCCCN3CCCC3)cc2OCc4cscn4)c1
739,CHEMBL2335911,3.45,C[C@@H](NC(=O)C)c1ccc(Nc2ncc3cc(c(C)cc3n2)c4ccncc4)cc1
835,CHEMBL1809191,2.82,CC(=O)N1CCN(CC1)c2ccc(Nc3nccc(n3)c4cnc5ccccn45)cc2
3147,CHEMBL234524,1.8,Oc1ccc(cc1)N2C(=O)c3ccc(O)cc3C2=O
2901,CHEMBL455467,2.1,CC(C)n1c(C)ncc1c2ccnc(Nc3ccc(cc3)C(=O)N4CCN(C)CC4)n2
1506,CHEMBL1437065,0.81,NC(=O)c1cc(cc(c1)[N+](=O)[O-])[N+](=O)[O-]
3777,CHEMBL1945034,-0.25,O[C@@H](CNCCc1ccc(CNCCc2ccccn2)cc1)c3ccc(O)c4NC(=O)Sc34
2054,CHEMBL1762482,3.08,Cc1ccnc(NCc2ccccc2)c1
893,CHEMBL384536,2.04,CC(C)CN1C(=O)N(C)C(=O)c2c1sc(Cc3c[nH]c4ncccc34)c2C(=O)N5C[C@H](O)CO5
3594,CHEMBL258176,1.44,CC(C)N1CCN(Cc2cnc(c(C)c2)c3ccc(cc3)C(=O)Nc4ccccc4N)CC1
375,CHEMBL301265,3.15,CCCN[C@H]1CCc2nc(N)sc2C1
2158,CHEMBL2023475,3.88,CCn1cc(NC(=O)Cc2ccc(Oc3ccnc4ccc(F)cc34)cc2OC)cn1
525,CHEMBL314034,3.83,CSc1nc(nn1Cc2ccccc2)c3ccccc3
4102,CHEMBL1448843,1.6,O=C(CSc1ccccc1)N2CCN(CC2)C(=O)c3occc3
2118,CHEMBL2028019,3.6,CN(C)C(=O)N[C@@H]1CC[C@@H](CCN2CCN(CC2)c3cccc(Cl)c3Cl)CC1
4027,CHEMBL407960,4.25,COc1ccc(OC)c(CNc2n[nH]c3ccnc(Oc4ccccc4)c23)c1
172,CHEMBL384962,1.78,Cc1ccc2c(c1)c(c(C)n2CC(=O)O)c3ccnc4ccc(cc34)C(F)(F)F
3650,CHEMBL496483,4.11,Brc1cnc(NCc2ccccc2)nc1Nc3cc([nH]n3)C4CC4
3518,CHEMBL2140607,0.6,CCn1c(nc2c(ncc(OCC3CCCNC3)c12)C#CC(C)(C)O)c4nonc4N
4145,CHEMBL1527495,1.7,O=S(=O)(Nc1cccc2[nH]ncc12)c3cccs3
2452,CHEMBL1778866,2.23,COc1cc(F)ccc1c2cncc(CNC3CCC3)n2
2927,CHEMBL455428,2.95,CNC(=O)c1ccc(Nc2nccc(n2)c3cnc(C)n3C(C)C)cc1F
3697,CHEMBL1454596,1.32,CCOC(=O)Cc1csc(NS(=O)(=O)c2ccc(Cl)cc2)n1
4152,CHEMBL2178735,3.44,Nc1ccc(cn1)C(=O)Nc2cccc(c2)c3nc(N4CCOCC4)c5oc6ncccc6c5n3
1788,CHEMBL1229592,3.9,COc1cc(ccc1Nc2ncc(Cl)c(Oc3cccc(NC(=O)C=C)c3)n2)N4CCN(C)CC4
2942,CHEMBL2165060,1.25,CO[C@H]1CN(CCN2C(=O)C=Nc3ccc(OC)cc23)CC[C@@H]1NCc4cc5OCCOc5cn4
1183,CHEMBL2011942,2.48,NC(=O)c1cnc2[nH]c(nc2c1NCCCNC(=O)C3CCC3)c4ccc(OCCN5CCCCC5)cc4
633,CHEMBL1289114,2.55,Fc1cc(Cl)ccc1N2CCN(CC2)C(=O)COCc3ccncc3
1175,CHEMBL10,3.34,C[S+]([O-])c1ccc(cc1)c2nc(c3ccc(F)cc3)c([nH]2)c4ccncc4
3545,CHEMBL521407,3.23,CN1CCN(CC1)c2ccc3ncc(C(=O)N)c(Nc4ccc(Cl)cc4Cl)c3c2
63,CHEMBL296572,3.8,COc1cccc(c1)c2c[nH]c(n2)c3ccccc3
349,CHEMBL210887,3.0,OCCCn1c(NC(=O)c2cccc(c2)[N+](=O)[O-])nc3ccccc13
489,CHEMBL2164688,2.4,COc1ccc2[nH]c3CCN(Cc3c2c1)C(=O)[C@@H]4CCCC[C@H]4C(=O)NC5(CC5)C#N
3136,CHEMBL2325733,2.2,NC1(CCN(CC1)c2ncnc3[nH]ccc23)C(=O)NC(CS(=O)(=O)N)c4ccc(Cl)cc4
787,CHEMBL2335883,1.4,CN(C)CCNCc1ccc(Nc2ncc3cc(ccc3n2)c4ccncc4)cc1
228,CHEMBL490512,3.77,O=C(CCc1ccccc1)c2ccccc2
332,CHEMBL567161,3.11,CCNc1nc(Nc2ccccc2)nc(n1)C#N
1633,CHEMBL1702519,3.41,Cc1ccc(c(C)c1)c2nnc(O)c3ccccc23
2915,CHEMBL139,1.08,OC(=O)Cc1ccccc1Nc2c(Cl)cccc2Cl
2490,CHEMBL457887,1.32,CC(C)n1c(C)ncc1c2ccnc(Nc3ccc(cc3)S(=O)(=O)CCCN(C)C)n2
2542,CHEMBL51478,2.89,COc1ccnc(CSc2nc3ccccc3[nH]2)c1
3661,CHEMBL424451,3.96,COc1ccc(C)c(NC(=O)CC23CC4CC(CC(C4)C2)C3)c1
3701,CHEMBL551060,2.0,Cc1nc(C)c(s1)C(=O)N[C@@H](Cc2cccc(Cl)c2)C(=O)NCC#N
1624,CHEMBL1287892,2.17,NC(=O)c1cnc(N[C@H]2CCCNC2)c3cc(sc13)c4ccc(F)c(F)c4
372,CHEMBL686,1.89,Cc1cccc(Nc2ccccc2C(=O)O)c1C
4147,CHEMBL452273,0.87,COCCNCc1ccc(cc1)c2cc(C(=O)N)c(NC(=O)N)s2
1016,CHEMBL2031164,0.6,OC(=O)[C@H](Cc1ccc(OCCNc2nc3ccccc3[nH]2)cc1)NC(=O)c4c(Cl)cccc4Cl
2350,CHEMBL498404,2.28,CS(=O)(=O)Nc1cc(Nc2nccc(Nc3c(Cl)ccc4OCOc34)n2)cc(c1)C(=O)N
405,CHEMBL474484,0.7,CC(C)CNc1nc(nc(N2CCNCC2)c1N)C#N
2185,CHEMBL1907830,2.4,O=C1Nc2ccc(cc2C1=O)S(=O)(=O)N3CCC[C@H]3CNc4ccccc4
2109,CHEMBL351811,1.32,NC(Cc1ccccc1)c2ccccc2
3105,CHEMBL112924,1.13,CC(C)C(NC(=O)CN1C(=O)C(=CC=C1c2ccccc2)NC(=O)NCc3cc[n+]([O-])cc3)C(=O)C(F)(F)F
2623,CHEMBL249966,0.75,CC(C)(C)Cn1c(CN2C(=O)CC3(CCNCC3)C2=O)cc4cnc(nc14)C#N
3945,CHEMBL1612837,-0.1,CC(C)(C)c1ccc(cc1)C2=NC(=O)C(CC(=O)O)S2
2529,CHEMBL214637,2.19,CCCN(CCO)CCCOc1ccc2c(Nc3cc(CC(=O)Nc4cccc(F)c4F)[nH]n3)ncnc2c1
267,CHEMBL1789941,2.55,N#CC[C@H](C1CCCC1)n2cc(cn2)c3ncnc4[nH]ccc34
2317,CHEMBL1043,0.88,Nc1ccc(cc1)S(=O)(=O)c2ccc(N)cc2
1239,CHEMBL2030446,2.38,C[C@H]1COCCN1c2cc(CS(=O)(=O)C)nc(n2)c3ccc4[nH]ccc4c3
926,CHEMBL87277,3.97,Cn1nc(cc1NC(=O)Nc2ccc(Cl)cc2)C(C)(C)C
789,CHEMBL593300,3.11,Cn1c(CN2CCN(CC2)c3ccccc3)nc4ccccc14
1112,CHEMBL187007,4.26,COc1cc2ncnc(Nc3cc(NC(=O)c4cccc(c4)N(C)C)ccc3Cl)c2cc1OC
710,CHEMBL1650732,1.91,C[C@H](Nc1nc(Nc2cc(C)[nH]n2)cc(n1)N3CCOCC3)c4ncc(F)cn4
952,CHEMBL2164682,2.66,O=C(NC1(CC1)C#N)[C@@H]2CCCC[C@H]2C(=O)N3CCc4[nH]c5ccccc5c4C3
2047,CHEMBL360425,2.06,CS(=O)(=O)Nc1cccc(NC(=O)CN2CCN([C@H](Cc3ccccc3)C2)C(=O)C[C@H](N)Cc4ccc(F)c(F)c4)c1
3226,CHEMBL257478,3.85,C[C@@H](Oc1cccc2ncnc(Nc3ccc(Oc4ccc(C)nc4)c(C)c3)c12)C(=O)N(C)CCO
2712,CHEMBL1951074,-1.04,COc1cc(OC)c(cc1NC(=S)NCC(=O)O)S(=O)(=O)N2C(C)CCc3ccccc23
2534,CHEMBL2059872,3.1,Cc1ccc(cc1NC(=O)c2ccc(OCc3ccccn3)cc2)c4ncc(CN5CCOCC5)s4
3712,CHEMBL257553,2.97,NS(=O)(=O)c1cccc(Nc2nccc(Nc3c(Cl)ccc4OCOc34)n2)c1
1029,CHEMBL403963,-0.4,C(=C\c1nn[nH]n1)/c2ccccc2
3606,CHEMBL185328,3.1,Cc1ccc(NC(=O)c2ccnc(c2)N3CCOCC3)cc1Nc4ccnc(Cl)n4
3450,CHEMBL7568,2.17,CCN(CC)CCCC(C)Nc1c2ccc(Cl)cc2nc3ccc(OC)cc13
1125,CHEMBL385240,3.6,COc1ccc(Cl)c(Nc2ncnc3cc(OC)cc(OC4CCN(C)CC4)c23)c1
371,CHEMBL294878,3.2,Oc1ccc(cc1)C2=CC(=O)c3ccc(O)cc3O2
800,CHEMBL325681,2.41,COc1cccc(c1)c2cc(O)c3cc(NC(=O)C)ccc3n2
1177,CHEMBL1630123,2.6,CN1CCN(CC(=O)Nc2ccc(C3=CC=CN4C(=O)C=C(N=C34)N5CCOCC5)c6sc7ccccc7c26)CC1
719,CHEMBL2086689,3.4,C[C@@H]1CN(CCN1c2ncc(OCc3ccncc3C#N)cn2)c4ncc(F)cn4
2212,CHEMBL429330,2.49,CC(C)[C@H](NC(=O)CCc1ccccc1)C(=O)N2CCCC2
3917,CHEMBL2158793,2.0,Cc1cc(F)ccc1OC2CCN(CC3CCN(CC3)[C@@](C)(Cc4ccc(F)cc4)C(=O)O)CC2
272,CHEMBL47361,3.99,Oc1ccc2nc(sc2c1)c3ccccc3
2149,CHEMBL562698,1.77,Clc1c(ccnc1N2CCNCC2)C(=O)NCC34CC5CC(CC(C5)C3)C4
2356,CHEMBL424414,1.9,CC1=CC(=O)Nc2ccccc12
41,CHEMBL517,-0.54,CC(C)N(CCC(C(=O)N)(c1ccccc1)c2ccccn2)C(C)C
2699,CHEMBL1951011,3.7,CC(C)OC(=O)N1CCC(CC1)Oc2ncnc(Oc3ccc(cc3F)S(=O)(=O)C)c2C
2652,CHEMBL1774056,3.11,C[C@H](Nc1nc(Nc2cc(C)[nH]n2)c(F)cc1C#N)c3ccc(F)cn3
2456,CHEMBL1287853,2.11,Cc1cnc(Nc2ccc(OCCN3CCCC3)cc2)nc1Nc4cccc(c4)S(=O)(=O)NC(C)(C)C
1962,CHEMBL564885,0.6,Clc1c(NCC2CCNCC2)nccc1C(=O)NCC34CC5CC(CC(C5)C3)C4
1197,CHEMBL2178385,0.22,NC(=O)c1cncc(c1)c2ccc(cc2)[C@@H]3CC[C@@H](CC(=O)O)CC3
2716,CHEMBL187709,3.98,CCN(CC)CCOc1ccc(cc1)C(O)(Cc2ccc(Cl)cc2)c3ccc(C)cc3
2550,CHEMBL1306424,3.6,Cc1ccnc(NCc2ccc(Cl)cc2)c1
620,CHEMBL1212983,3.41,Cc1cc(C)c2c(N)c(sc2n1)C(=O)NCc3ccccc3
2000,CHEMBL2036589,3.0,Fc1ccc(Nc2oc(nn2)C(=O)Nc3ccc(nc3)N4CCOCC4)cc1
1705,CHEMBL149444,2.56,COc1ccc(cc1OC)S(=O)(=O)Nc2ccc(\C=C\C(=O)Nc3ccccc3N)cc2
3292,CHEMBL6412,1.74,COc1nc(Cl)cnc1NS(=O)(=O)c2cccc3c(cccc23)N(C)C
1469,CHEMBL222659,4.24,O=C(Nc1ccccn1)c2ccc3[nH]c(nc3c2)c4ccc(NC(=O)C56CC7CC(CC(C7)C5)C6)cc4
3525,CHEMBL127066,2.46,Oc1nc(nc2ccccc12)c3ccccc3
196,CHEMBL1623,3.39,Cc1cccc(CN2CCN(CC2)C(c3ccccc3)c4ccc(Cl)cc4)c1
1568,CHEMBL1736763,0.5,O=C(CN1CCOCC1)Nc2c(cnn2c3ccccc3)C#N
2175,CHEMBL2326478,3.3,Nc1nc2cc3CCN(Cc4cccc(F)c4)CCc3cc2s1
976,CHEMBL205627,1.5,COC[C@H](C)Oc1cc(O[C@@H](C)Cc2ccccc2)cc(c1)C(=O)Nc3ccc(cn3)C(=O)O
42,CHEMBL578288,2.91,NC(=NC#N)c1sc(Nc2ccccc2)nc1N
1694,CHEMBL2314504,2.99,Cn1c(C(=O)O)c(CCCOc2cccc3ccccc23)c4ccccc14
2266,CHEMBL1448915,2.18,Cc1ccccc1C(=O)N2CCN(CC2)c3ccccn3
3455,CHEMBL32571,2.6,Oc1ccc(cc1)C2CC(=O)c3c(O)cc(O)cc3O2
1419,CHEMBL2086668,3.5,C[C@@H]1CN(CCN1c2ncc(OCC3CCN(CC3)S(=O)(=O)C)cn2)C(=O)OC(C)(C)C
3225,CHEMBL32800,-0.06,CC(Cc1ccc(O)cc1)NCC(O)c2cc(O)cc(O)c2
106,CHEMBL480445,2.18,COc1cc2ncc(C(=O)N)c(Nc3ccc(F)cc3F)c2cc1N4CCN(C)CC4
3978,CHEMBL516,3.06,CN1CCC(=C2c3ccccc3C=Cc4ccccc24)CC1
1301,CHEMBL130873,2.51,COc1cc(ccc1Cc2cn(C)c3ccc(cc23)C(=O)NCCc4ccccc4)C(=O)NS(=O)(=O)c5ccccc5C
1173,CHEMBL1770298,4.05,Cc1ccc(s1)C(NC(=O)c2ccccc2O)C(=O)Nc3c(C)cccc3C
4103,CHEMBL174310,0.86,NC1=NC2(CCN(CC2)C(=O)c3ccc(cc3)C#N)Nc4c(F)ccc(F)c14
1013,CHEMBL73243,3.41,COCCCNS(=O)(=O)c1ccc(Nc2nccc(n2)c3cnc4ccccn34)cc1
747,CHEMBL2207672,2.83,Cc1c(Cl)ccc(OC2CCN(C[C@H](O)CNC(=O)C3=CNC(=O)c4cc(ccc34)S(=O)(=O)C)CC2)c1Cl
3026,CHEMBL2153303,2.33,CCCNc1nc(ccc1C(=O)NC2CCCCC2)N3CCC[C@@H](CC(=O)O)C3
3430,CHEMBL1650734,2.61,C[C@H](Nc1nc(Nc2cc(C)[nH]n2)c(Cl)c(n1)N3CCOCC3)c4ncc(F)cn4
308,CHEMBL1939749,2.32,CCOC(=O)Nc1cccc(c1)[C@H](N2CCN(Cc3nc[nH]c3C)CC2)c4ccc(cc4)C(=O)N(C)CC
1740,CHEMBL1465276,3.7,O=C(C1CCN(CC1)c2nnc(s2)n3cccc3)N4CCc5ccccc5C4
1889,CHEMBL646,2.34,Cc1nnc2CN=C(c3ccccc3Cl)c4cc(Cl)ccc4n12
3627,CHEMBL1620331,2.65,CCOc1ccc(cc1)c2cnc3CCCn23
1952,CHEMBL549620,2.93,OCCN1CCN(Cc2ccc3c(NC(=O)CC45CC6CC(CC(C6)C4)C5)c(Cl)ccc3n2)CC1
2389,CHEMBL2172007,2.35,C[C@@H]1CN(CCN1C(=O)[C@@H]2CCCC[C@H]2C(=O)NC3(CC3)C#N)c4ccccc4
2673,CHEMBL1289717,1.6,O=C1C=C(C=CN1c2ccc3c(cnn3CCN4CCCC4)c2)c5ccccc5
947,CHEMBL1682830,3.7,CCN1CCOc2cc(COc3ccccc3)cnc12
853,CHEMBL1458025,2.7,Cc1sc2ncnc(SCC(=O)N3CCN(CC3)C(=O)c4occc4)c2c1C
3678,CHEMBL73303,2.7,NS(=O)(=O)c1ccc(Nc2nccc(n2)c3cnc4ccccn34)cc1
2690,CHEMBL60088,0.74,NC(=N)c1cc2c(I)cccc2s1
86,CHEMBL2087854,3.59,CC(C#C)N1C(=O)N(CC2CC2)c3nn(Cc4ccnc5ccc(Cl)cc45)c(c3C1=O)c6cncn6C
1082,CHEMBL612012,0.8,COc1ccc2CC3C4C=CC(O)C5Oc1c2C45CCN3C
993,CHEMBL38688,3.2,N(c1ccccc1)c2ccccc2
1402,CHEMBL1980161,1.7,Nc1n[nH]c2c(Cl)cccc12
4039,CHEMBL436511,3.21,CN1CCC(CC1)Oc2cccc3ncnc(Nc4ccc(OCc5cnccn5)c(Cl)c4)c23
972,CHEMBL499520,3.19,Fc1cnc(NC(=O)[C@H](CC2CCOCC2)c3ccc(cc3)S(=O)(=O)C4CC4)s1
2473,CHEMBL1944689,2.3,O[C@@H](CNCCc1ccc(CNCCc2c(Cl)cccc2Cl)cc1)c3ccc(O)c4NC(=O)Sc34
2117,CHEMBL184,-1.42,Nc1nc(O)c2ncn(COCCO)c2n1
241,CHEMBL1607641,0.97,Cc1nnsc1C(=O)Nc2ccccc2
2696,CHEMBL1718768,2.1,CCn1c(SCC(=O)Nc2c(cnn2c3ccccc3)C#N)nnc1c4cccs4
1109,CHEMBL277148,2.54,Oc1cc(nc2ccccc12)c3ccccc3
1974,CHEMBL290119,3.12,CCOC(=O)[C@H](Cc1ccc(O)cc1)NC(=O)c2cccc3ccccc23
2099,CHEMBL1468264,1.5,COc1cc(OC)c2nc(C)c3CCN(c4ccc(O)cc4)c3c2c1
3655,CHEMBL202626,3.8,Fc1ccccc1NC(=O)NC2N=C(c3ccccc3)c4ccccc4NC2=O
2214,CHEMBL1624252,3.34,COc1ccc(cc1)c2csc(n2)N(CCCN3CCOCC3)C(=O)c4occc4
1329,CHEMBL1782167,3.36,Cc1ccc(cc1c2ccc(nc2)C(=O)NCC3CC3)C(=O)NC4CC4
1246,CHEMBL325486,3.4,CS(=O)(=O)n1c2ccccc2c3cc(NC(=O)CCc4ccncc4)ccc13
3774,CHEMBL522460,2.68,Cc1ccccc1CN2CCC(CC2)N3CCC(CC3)N4C(=O)Nc5ccccc45
2678,CHEMBL1946617,1.89,OC1CCN(CC1)C(=O)c2ccc(cc2)C(=C3CCN(Cc4cscn4)CC3)c5cccc6cccnc56
1540,CHEMBL575311,2.59,Cc1cc(Oc2ccnc(Nc3ccc(cc3)N4CCOCC4)c2)c(nc1C)c5ccccn5
1824,CHEMBL2325703,2.65,CC(C)(c1cc(nc(n1)c2cccc3[nH]ccc23)N4CCOCC4)S(=O)(=O)C
870,CHEMBL2036782,2.21,CC(C)N1CCN[C@H](C1)C(=O)N2CCN(CC2)C(=O)Nc3ccc(Cl)c(Cl)c3
1934,CHEMBL278222,2.16,CC(C)C(NC(=O)CN1C(=O)C(=CC=C1c2ccccc2)NC(=O)NCc3ccncc3)C(=O)C(F)(F)F
1051,CHEMBL291666,3.1,COc1ccc(cc1OC)c2cc(NC(=O)Cc3ccc4ccccc4c3)[nH]n2
3817,CHEMBL2171045,2.94,FC(F)(F)c1cccc(c1)S(=O)(=O)NC(=O)N2CCC(CC2)N3CCC(CC3)Oc4ccc(Cl)c(Cl)c4
2284,CHEMBL27006,3.6,FC(F)(F)c1cc(CO[C@H]2CCCN[C@H]2c3ccccc3)cc(c1)C(F)(F)F
4179,CHEMBL472524,2.34,CCNC(=O)Nc1nc2cc(ccc2[nH]1)c3cccnc3
427,CHEMBL2070947,1.49,CS(=O)(=O)c1ccc2nc(sc2c1)N3CCN(CC3)C(=O)[C@@H]4CCCC[C@H]4C(=O)NC5(CC5)C#N
1121,CHEMBL424,-1.36,OC(=O)c1ccccc1O
1912,CHEMBL249790,4.17,OCCO[C@H]1C[C@H]([C@H](O)[C@@H]1O)n2nnc3c(N[C@@H]4C[C@H]4c5ccc(F)c(F)c5)nc(SCCC(F)(F)F)nc23
1453,CHEMBL2349334,3.22,CC[C@H](CO)Nc1nc(SCc2ccccc2)nc3NC(=O)Sc13
2270,CHEMBL2326690,1.94,C1NCC(CC=C1)c2oc3ccccc3c2
3284,CHEMBL181913,2.3,CN(C1CCN(CCC(c2ccccc2)c3ccccc3)CC1)C(=O)Cc4ccc(cc4)S(=O)(=O)N
1973,CHEMBL213494,-0.34,Cc1ccc2c(c1)c(c(C)n2CC(=O)O)c3ccnc4c(cccc34)S(=O)(=O)C
3272,CHEMBL253741,3.07,COc1cc(Nc2cc(Nc3c(Cl)ccc4OCOc34)ncn2)cc(OC)c1OC
1474,CHEMBL1618762,1.65,C(Cc1ccccc1)NCc2ccccc2
2154,CHEMBL476518,3.51,CC(C)n1c(C)ncc1c2ccnc(Nc3ccc(cc3)N(C)C)n2
1258,CHEMBL2335885,3.23,COCCC(=O)N(C)c1ccc(Nc2ncc3cc(ccc3n2)c4ccncc4)cc1
8,CHEMBL13097,3.05,COc1ccc(cc1)C2=COc3cc(OC)cc(OC)c3C2=O
1929,CHEMBL2042558,3.7,[O-][N+](=O)c1cccc2ccc(nc12)C(Cl)(Cl)Cl
2969,CHEMBL1718800,3.5,C(Cc1nc2ccccc2[nH]1)Cc3nc4ccccc4[nH]3
155,CHEMBL272105,2.49,COC(=O)C1=Nc2c(N[C@H](C)CO)nc(SCc3cccc(F)c3F)nc2NC1=O
17,CHEMBL190044,3.77,CCC(COC(=O)c1cc(OC)c(OC)c(OC)c1)(N(C)C)c2ccccc2
104,CHEMBL1502799,2.02,FC(F)c1nc2ccccc2[nH]1
2377,CHEMBL2035040,1.3,NC(=O)c1cnc(c2ccc(cc2)C3(N)CCC3)c(c1)c4ccccc4
1221,CHEMBL320714,2.21,Oc1ccc(CCNCCCCCCOCCc2ccccc2)c3sc(O)nc13
929,CHEMBL1610495,3.1,CNC(=O)c1cc(C(=O)c2ccc(Cl)cc2)c(Br)[nH]1
494,CHEMBL2164689,4.2,FC(F)(F)c1ccc2[nH]c3CCN(Cc3c2c1)C(=O)[C@@H]4CCCC[C@H]4C(=O)NC5(CC5)C#N
1690,CHEMBL87,1.12,COC1=CC=C2C(=CC1=O)C(CCc3cc(OC)c(OC)c(OC)c23)NC(=O)C
1152,CHEMBL259081,3.01,O=C1N=C(NCc2ccccc2)SN1Cc3ccccc3
2085,CHEMBL470897,2.8,CCC(C)Nc1nc(nc(N2CCOCC2)c1N)C#N
2037,CHEMBL1459468,2.9,COc1ccccc1C(=O)Nc2nc3ccccc3[nH]2
3750,CHEMBL2023483,3.78,COc1ccc2c(Oc3ccc(CC(=O)Nc4n[nH]c(C)c4C)c(OC)c3)ccnc2c1
3677,CHEMBL54976,-1.08,N[C@@H](Cc1c[nH]c2ccccc12)C(=O)O
970,CHEMBL202314,-0.04,[O-][N+](=O)c1cc(ccc1NCCSc2ccccc2)S(=O)(=O)NC(=O)c3ccc(cc3)N4CCNCC4
3680,CHEMBL1643203,1.15,Cc1cc(CN2Cc3cccnc3CC2C(=O)Nc4ccc(Cl)cc4Cl)ccc1OCC(=O)O
542,CHEMBL1809223,3.5,COc1cc(ccc1Nc2ncc(Cl)c(n2)c3cnc4cc(ccn34)N5CCCC5)N6CCN(CC6)C(=O)C
109,CHEMBL1939414,3.04,Nc1nc(Nc2cccc(Br)c2)c3nc[nH]c3n1
1736,CHEMBL1631467,2.79,CCCNC(=O)c1nnc2c(cccc2c1N)c3cncc(c3)C(=O)N4CCC4
3144,CHEMBL2312113,4.3,COc1cc(O)c(C(CC(=O)N2CC(C)CC(C)C2)c3ccc4OCOc4c3)c(OC)c1
1113,CHEMBL2147150,3.58,C[C@H]1O[C@H]([C@H](O)[C@@H]1O)n2cnc3c(N)nc(OCC45CC6CC(CC(C6)C4)C5)nc23
4171,CHEMBL216053,3.61,COc1cc2c(Nc3cc(CC(=O)Nc4cccc(F)c4F)[nH]n3)ncnc2cc1OCCCN(CCO)CC(C)C
997,CHEMBL1513816,3.14,CCN1CCN(CC1)C(=O)c2cc3cc(Cl)ccc3[nH]2
1355,CHEMBL287200,2.8,CN1CCc2c(NC(=O)Cc3ccccc3)c4ccccc4nc12
785,CHEMBL500,-0.12,CC(C)NCC(O)COc1cccc2[nH]ccc12
2011,CHEMBL191802,2.45,CSc1ccc(OCc2ccccc2)c(\C=C\c3ccc(cn3)C(=O)O)c1
1991,CHEMBL1682833,2.4,CS(=O)(=O)N1CCOc2cc(COc3ccccc3)cnc12
3887,CHEMBL212731,2.9,CCN(C1CCN(CC[C@H](c2ccc(cc2)S(=O)(=O)C)c3cccc(F)c3)CC1)C(=O)Cc4ccc(cc4)S(=O)(=O)C
3027,CHEMBL1197102,2.6,NC1CCc2cc(OC(=O)c3ccccc3)c(OC(=O)c4ccccc4)cc2C1
2145,CHEMBL1807860,3.68,C[C@H]1O[C@H]([C@H](O)[C@H]1Cl)n2cnc3c(N)nc(OCC4CC45CC5)nc23
663,CHEMBL519422,2.53,CCn1c(C)ncc1c2ccnc(Nc3ccc(cc3)C(=O)NC)n2
3834,CHEMBL78951,-0.45,Nc1nc(N)c2nc(CO)cnc2n1
3222,CHEMBL1818328,1.4,O=S(=O)(N1CCCC1)c2ccccc2c3ccc(CNC4CCOCC4)cc3
3110,CHEMBL1893999,2.8,CC(C)C1NCCc2c1sc3ccccc23
3885,CHEMBL559478,1.58,Brc1ccc(OC(=O)N2CCN3CCC2CC3)cc1
3332,CHEMBL1783275,3.77,COc1ccc(OC)c(c1)c2c(F)ccc3c(N)c(nnc23)C(=O)NC(C)C
4013,CHEMBL570192,2.86,C[C@H](Oc1nc(Nc2cc(C)[nH]n2)c(C)nc1C#N)c3ccc(F)cn3
599,CHEMBL1916280,0.66,CCC(C)NC(=O)c1c(C)nn(c1NS(=O)(=O)c2ccc(C)cc2)c3ccccc3
2543,CHEMBL1224288,2.3,Oc1cccc(O[C@H]2C[C@H]3CC[C@@H](C2)N3Cc4ccccc4)c1
3629,CHEMBL2098183,3.2,COc1ccc2nc(C)cc(OCC(=O)NCc3ccccc3)c2c1
2031,CHEMBL589,0.76,CCCN(CCC)CCc1cccc2NC(=O)Cc12
1043,CHEMBL72,1.24,CNCCCN1c2ccccc2CCc3ccccc13
2146,CHEMBL515062,2.77,CC(C)Oc1cc(Nc2nc(N[C@@H](C)c3ccc(F)cn3)nc(OC(CO)CO)c2Cl)n[nH]1
1733,CHEMBL2086654,3.2,CC(C)(C)OC(=O)N1CCN(CC1)c2ccc(OCc3ccc(cc3)S(=O)(=O)C)cn2
1100,CHEMBL1778623,0.67,CCN(CC)S(=O)(=O)c1ccc(cc1)c2cc(ccc2OCC(=O)O)C(F)(F)F
3357,CHEMBL131842,0.89,Oc1c2C(=O)NNC(=O)c2nc3cc(Cl)cc(Cl)c13
1096,CHEMBL49236,2.31,Nc1cccc2C(=O)C(=O)c3ccccc3c12
1989,CHEMBL1689137,1.12,C[C@H]1CN(Cc2cc(Cl)ccc2CC(=O)O)CCN1S(=O)(=O)Cc3ccccc3
604,CHEMBL214376,3.1,CC(C)Oc1cc(OCCCN2CCCC2)cc3ncnc(Nc4c(Cl)ccc5OCOc45)c13
2985,CHEMBL555013,3.28,Clc1ccc2[nH]ccc2c1
934,CHEMBL2325987,2.4,CC(NC(=O)C1(N)CCN(CC1)c2ncnc3[nH]ccc23)c4ccc(F)cc4
2889,CHEMBL13030,0.17,CN1C2CC(CC1C3OC23)OC(=O)C(CO)c4ccccc4
3444,CHEMBL1735467,2.38,CC(=O)Nc1cccc(OCc2cnc(Cl)s2)c1
1028,CHEMBL47406,0.92,COC(=O)COc1ccc(O)cc1
2086,CHEMBL51594,1.4,C1Cc2ccccc2CN1c3ccncc3
526,CHEMBL417727,2.23,Nc1ccc2c3ccccc3C(=O)C(=O)c2c1
1116,CHEMBL1567984,0.3,OC(=O)c1ccc(cc1)c2nnn(Cc3ccccc3F)n2
3808,CHEMBL1940286,3.1,COc1ccc(CNC(=O)c2ccc(Oc3ccc(cc3)C#C[C@]4(O)CN5CCC4CC5)cc2)nc1
871,CHEMBL20210,2.8,CCOC(=O)\C=C\[C@H](C[C@@H]1CCNC1=O)NC(=O)[C@@H](CC(=O)[C@@H](NC(=O)c2cc(C)on2)C(C)C)Cc3ccc(F)cc3
1584,CHEMBL1438072,0.84,O=S(=O)(Nc1cccnc1)c2ccccc2
189,CHEMBL1987793,3.89,Cc1ccccc1c2c(C(=O)O)n(CCCOc3cccc4ccccc34)c5ccccc25
3485,CHEMBL2207663,2.37,Cc1cc(Cl)ccc1OC2CCN(C[C@H](O)CNC(=O)C3=CNC(=O)C=C3C(F)(F)F)CC2
1683,CHEMBL2088099,2.04,COCCCc1cc(Nc2ccnc(NCc3onc(C)c3)n2)n[nH]1
1505,CHEMBL1417095,0.6,O=C1N2CCOC2=Nc3ccccc13
1880,CHEMBL1507581,0.24,CC(=O)Nc1ccc(cc1)S(=O)(=O)Nc2ccccn2
1940,CHEMBL119489,1.95,CN(C)c1cccc2c(cccc12)S(=O)(=O)N
3244,CHEMBL507177,2.24,NC(=O)Nc1sc(cc1C(=O)N2CCOCC2)c3ccccc3
503,CHEMBL180184,4.0,CCN(C1CCN(CCC(c2ccccc2)c3ccccc3)CC1)C(=O)NCc4ccccc4
79,CHEMBL4,-0.45,CC1COc2c(N3CCN(C)CC3)c(F)cc4C(=O)C(=CN1c24)C(=O)O
3938,CHEMBL1829423,1.8,CCC(N(CCCN)C(=O)c1ccc(C)cc1)C2=Nc3ccn(C)c3C(=O)N2Cc4ccccc4
2140,CHEMBL2031235,1.75,CN1CCN(CC1)c2ccc3N=CN(C(=O)c3c2)c4cc(NC(=O)c5oncc5)ccc4C
695,CHEMBL2107486,2.1,C[C@@H](O)[C@@H]1[C@H]2[C@@H](C)C(=C(N2C1=O)C(=O)OCOC(=O)C(C)(C)C)SC3CN(C3)C4=NCCS4
1531,CHEMBL2179270,-0.26,C[C@H](N1CCC[C@@H](C1)N2C=C(C)C(=O)NC2=O)c3ccc(C(=O)O)c(Oc4cccc(Cl)c4)c3
1515,CHEMBL1222330,-1.1,CC(C)(C)OC(=O)N[C@@H](Cc1ccccc1)C(=O)O
1445,CHEMBL513533,2.71,CN1C(=O)N(CC2CC2)c3nn(Cc4ccnc5ccc(Cl)cc45)c(c6oc(cc6)S(=O)(=O)C)c3C1=O
3936,CHEMBL1762551,3.9,CN(c1ccnc(Nc2cc(nc(n2)N3CCOCC3)N4CCOCC4)n1)c5cc(CO)ccc5C
2884,CHEMBL2086680,2.81,CC(C)(C)OC(=O)N1CCN(CC1)c2ncc(OCc3ccncc3C#N)cn2
3427,CHEMBL1683030,2.63,CCOc1cc2nnc(C(=O)N)c(Nc3ccc(F)cc3F)c2cc1N4CCN(C)CC4
334,CHEMBL184659,2.7,COc1cc2ncnc(Nc3cc(NC(=O)c4ccnc(c4)N5CCOCC5)ccc3C)c2cc1OCCN6CCCC6
1615,CHEMBL1868126,3.96,COc1cccc2sc(NC(=O)c3ccccc3)nc12
3669,CHEMBL1933592,1.42,C[C@H]1O[C@H]([C@H](O)[C@@H]1O)n2cnc3c(N)nc(OC4CCC(F)(F)CC4)nc23
2764,CHEMBL2164683,3.03,Fc1cccc2c3CN(CCc3[nH]c12)C(=O)[C@@H]4CCCC[C@H]4C(=O)NC5(CC5)C#N
815,CHEMBL430854,2.6,CN(C)CC(O)COc1ccc(Nc2nccc(Nc3ccc(Cl)cc3)n2)cc1
1435,CHEMBL2349312,4.3,CC(C)C[C@H](CO)Nc1nc(S[C@@H](C)c2ccccc2)nc3NC(=O)Sc13
2202,CHEMBL2158839,2.58,OC(=O)[C@H](Cc1ccccc1F)N2CCC(CN3CCC(CC3)Oc4ccc(Cl)c(Cl)c4)CC2
2531,CHEMBL552512,1.15,O=C(CC1CCCCCC1)Nc2cccc3C(=O)N(C=Cc23)[C@H]4CCNC4
3296,CHEMBL20969,0.54,C1CC(CCN1)c2ccccc2
1442,CHEMBL2177758,-0.1,Nc1nnc(CCSCCc2nnc(N)s2)s1
2989,CHEMBL2024524,2.81,CN(C)C(=O)N[C@@H]1CC[C@@H](CCN2CCN(CC2)c3ccc(Cl)cc3)CC1
2850,CHEMBL66761,2.8,O=C1NN=C(Cc2ccccc2)c3ccccc13
61,CHEMBL1412343,2.7,Cc1ccccc1NC(=O)CCS(=O)(=O)c2ccc(Br)s2
1316,CHEMBL1571558,1.1,Nc1[nH]ncc1S(=O)(=O)c2ccccc2
2267,CHEMBL2158779,2.6,OC(=O)[C@H](Cc1ccc(F)cc1)N2CCC(CN3CCC(CC3)Oc4ccc(Cl)cc4Cl)CC2
3052,CHEMBL1778646,-0.43,CCS(=O)(=O)c1ccc(c(Cl)c1)c2cc(Cl)ccc2OCC(=O)O
963,CHEMBL1807872,-0.03,O[C@@H](CNCCCOCCNCCc1cccc(Cl)c1)c2ccc(O)c3NC(=O)Sc23
1530,CHEMBL374023,2.75,CC(C)N1CCN(CC1)C(=O)NCc2ccc(Cl)c(Cl)c2
1000,CHEMBL1223873,1.61,NC(=O)c1cccc(O[C@H]2C[C@H]3CC[C@@H](C2)N3Cc4ccccc4)c1
2231,CHEMBL1956163,3.94,O=C(Nc1cccc2cccnc12)[C@@H]3CC[C@H](CC3)N4C(=O)[C@@H]5[C@@H]6CC[C@@H](C6)[C@@H]5C4=O
1472,CHEMBL1241982,1.3,COc1ccc2nc(C)cc(c2c1)n3cc(CN4CCN(CC4)C(=O)C)nn3
534,CHEMBL1957374,3.5,CCc1ccccc1c2ccc(cc2)c3nc4ccncc4c(O)c3C#N
3131,CHEMBL2031237,2.11,CN1CCN(CC1)c2ccc3N=CN(C(=O)c3c2)c4cc(NC(=O)c5cncs5)ccc4C
1913,CHEMBL2088097,2.68,Cc1cc(CNc2ncc(Cl)c(Nc3cc(C)[nH]n3)n2)on1
3084,CHEMBL277863,2.05,COC(=O)N1CCN([C@H](CN2CCCC2)C1)C(=O)Cc3ccc(Cl)c(Cl)c3
233,CHEMBL1975242,1.94,O=C(Nc1nc2C(=O)NC=Nc2s1)c3ccccc3
915,CHEMBL2062564,3.44,CC(=O)Nc1ccc2cnn(c3cc(NC4CC4)n5ncc(C#N)c5n3)c2c1
3389,CHEMBL1682814,2.4,CC(=O)N1CCOc2nc(OCc3ccccc3)ccc12
1650,CHEMBL186174,2.74,Clc1ccc(CN(Cc2ccc(Cl)cc2)c3nn[nH]n3)cc1
3748,CHEMBL2325993,1.4,CN(C)CCCC(NC(=O)C1(N)CCN(CC1)c2ncnc3[nH]ccc23)c4ccc(Cl)cc4
2052,CHEMBL1289545,2.17,Cc1nc(cs1)C(=O)N2CCOC3(CCN(Cc4ccc(Cl)cc4)CC3)C2
1059,CHEMBL98345,0.75,ONC(=O)c1ccc(NS(=O)(=O)c2ccccc2)cc1
536,CHEMBL1915315,2.9,Oc1ccc(cc1)C2=Cc3ccc(O)cc3OC2=O
736,CHEMBL51,2.9,Fc1ccc(cc1)C(=O)C2CCN(CCN3C(=O)Nc4ccccc4C3=O)CC2
896,CHEMBL1809062,3.2,COc1cc(ccc1Nc2ncc(Cl)c(n2)c3cnc4ccccn34)N5CCN(CCO)CC5
738,CHEMBL2163349,1.5,CS(=O)(=O)c1ccc2c3CN(CCc3[nH]c2c1)C(=O)[C@@H]4CCCC[C@H]4C(=O)NC5(CC5)C#N
3504,CHEMBL1896341,2.9,Cc1ccc(CNC(=O)C2CCCN2S(=O)(=O)c3ccc(F)cc3)cc1
3049,CHEMBL112880,2.26,COc1cc(OC)cc(c1)C2=CC=C(NC(=O)OCc3ccccc3)C(=O)N2CC(=O)NC(C(C)C)C(=O)C(F)(F)F
302,CHEMBL2325726,1.7,CNC(=O)c1cc(c2nc(cc(n2)C3(CC3)S(=O)(=O)C)N4CCOCC4)c5cc[nH]c5c1
920,CHEMBL60066,1.38,[O-][n+]1cc(ccc1Cl)C(=O)Nc2ccc(F)cc2
4056,CHEMBL1779006,1.71,COc1cc(F)ccc1c2cc(CNC3CCCC3)ccn2
598,CHEMBL1950725,0.81,CN[C@@H](C)C(=O)N[C@@H](C1CCCCC1)C(=O)N[C@H]2CCN(C2)C(=O)Cc3ccccc3
3574,CHEMBL1082983,2.37,CCCCc1nc2c(N)nc3ccccc3c2n1CC(C)(C)O
2990,CHEMBL2171035,2.59,Clc1ccc(cc1)S(=O)(=O)NC(=O)N2CCC(CC2)N3CCC(CC3)Oc4ccc(Cl)c(Cl)c4
512,CHEMBL370826,2.41,CCN(C1CCN(CCC(c2ccc(NC(=O)C)cc2)c3cccc(F)c3)CC1)C(=O)Cc4ccc(cc4)S(=O)(=O)C
149,CHEMBL551360,2.62,OCC(CO)N1C=Cc2c(NC(=O)CC34CC5CC(CC(C5)C3)C4)cccc2C1=O
3759,CHEMBL1643199,2.63,Cc1cc(CN2CCc3ccccc3C2C(=O)Nc4ccc(Cl)cc4Cl)ccc1OCC(=O)O
410,CHEMBL11,2.49,CN(C)CCCN1c2ccccc2CCc3ccccc13
3532,CHEMBL362962,0.9,O=C1O[C@]2(CN3CCC2CC3)CN1c4cccs4
2718,CHEMBL2012863,2.48,NC1=CC2=NNC(=O)N2c3cc(ccc13)c4occc4
4087,CHEMBL524165,0.8,Fc1ccc(CC2=NNC(=O)c3ccccc23)cc1C(=O)N4CCN(CC4)C(=O)C5CCOC5
765,CHEMBL1917426,1.84,Cc1c(Sc2ccc(Cl)cc2)c3cc(F)ccc3n1CC(=O)O
838,CHEMBL460,1.54,CCc1c(C)[nH]c2CCC(CN3CCOCC3)C(=O)c12
1661,CHEMBL2036753,4.26,Clc1ccc(NC(=O)N2CCN(C[C@@H]3CCCN(Cc4ccccc4)C3)CC2)cc1Cl
1867,CHEMBL275043,2.41,CC(C)C(NC(=O)CN1C(=O)C(=CC=C1c2ccccc2)NC(=O)OCc3ccncc3)C(=O)C(F)(F)F
3637,CHEMBL496942,2.5,CN1C(=O)N(Cc2ccc(cc2)C(=O)O)C(=O)c3cc(ccc13)C#CCc4ccccc4
2519,CHEMBL93124,3.5,CNc1ccc(cc1)c2nc3ccc(O)cc3s2
1747,CHEMBL1796298,1.78,O[C@]1(CN2CCC1CC2)C#Cc3ccc(Oc4ccc(cc4)C(=O)NCc5ccncn5)cc3
3998,CHEMBL98760,2.78,CC(C)NC(=O)c1ccc2c(Nc3ccc(Cl)cc3)nc(nc2c1)N4CCOCC4
465,CHEMBL230641,4.21,CC(C)c1ccccc1Nc2nc(SCc3cccs3)n[nH]2
2532,CHEMBL421,-0.58,OC(=O)c1cc(ccc1O)N=Nc2ccc(cc2)S(=O)(=O)Nc3ccccn3
1907,CHEMBL1688537,2.62,CCc1c(C)nc2sc(C(=O)N)c(N)c2c1C
773,CHEMBL2346974,3.2,CC(=O)N1CCN(CCOc2ccc(cc2)C3CCN(CC3)c4ccc5nnc(n5n4)C(F)(F)F)CC1
432,CHEMBL488881,4.2,O=C1C=C(Oc2c1cccc2c3cccc(c3)c4ccsc4)N5CCOCC5
50,CHEMBL373364,3.0,OC(=O)c1ccc(NC(=O)c2cc(OCc3ccccc3F)cc(OCc4ccccc4F)c2)nc1
2319,CHEMBL2178941,1.6,Cc1nc(C)c(nc1C(=O)N)c2ccc(cc2)[C@@H]3CC[C@@H](CCC(=O)O)CC3
693,CHEMBL203854,3.24,Oc1cc(O)c2C(=O)C(=COc2c1)c3ccc(cc3)[N+](=O)[O-]
3719,CHEMBL1950853,1.47,CN[C@@H](C)C(=O)N[C@H](C(=O)N[C@H]1CCCN(CCc2cccc(OC)c2)C1)C(C)(C)C
487,CHEMBL1762537,4.2,CN(c1ccnc(Nc2cc(cc(c2)N3CCOCC3)N4CCCCC4)n1)c5cc(CO)ccc5C
1770,CHEMBL1442864,2.9,CC1=CC(=O)Oc2c3CCCNc3c(C)cc12
4051,CHEMBL564535,2.19,CN(C)C[C@H](O)Cc1ccc(Cl)c(c1)C(=O)NCC23CC4CC(CC(C4)C2)C3
1520,CHEMBL383322,1.69,CCOCc1nc2c(N)nc3ccccc3c2n1CC(C)(C)O
2755,CHEMBL1669170,3.4,O=C(CN1CCOCC1)Nc2ccc(cc2c3ccccc3)c4cccc5C(=O)C=C(Oc45)N6CCOCC6
1923,CHEMBL2177606,1.72,OC(=O)c1ccc(cc1)n2ncc(C(=O)NC3C4CC5CC(CC3C5)C4)c2C6CCCC6
3107,CHEMBL1186433,-0.28,CC(=N)NCc1ccccc1
4025,CHEMBL185658,2.63,CC(=O)Nc1ccc(CNc2[nH]nc3cccc(Oc4ccc(cc4)S(=O)(=O)C)c23)cc1
383,CHEMBL173706,-0.35,CC(C)(C)NCC(O)COc1nsnc1N2CCOCC2
2026,CHEMBL8663,2.16,CC(Cc1ccccc1)N(C)CC#C
346,CHEMBL193757,0.81,CC(C)Oc1cc(OCCc2cccnc2)cc(c1)C(=O)Nc3ccc(cn3)C(=O)O
2211,CHEMBL2331748,1.6,CC1=CN([C@H]2CCCN(C2)S(=O)(=O)c3ccc(O)c(Oc4cccc(F)c4)c3)C(=O)NC1=O
1378,CHEMBL2036738,3.2,Clc1ccc(cc1)C2(CCC2)C(=O)Nc3oc(nn3)C(=O)Nc4ccc(cc4)N5CCOCC5
352,CHEMBL2361579,2.8,Cc1cc2cc(C)c3nnc(SCC(=O)N4CCN(CC4)C(=O)c5occc5)n3c2cc1C
3804,CHEMBL1824605,2.66,O=C(Nc1ccccc1)c2ccc(OCCCN3CCCC3)cc2OCc4ccccc4C#N
1397,CHEMBL1200558,-0.46,CC[C@H](C)[C@H](N)C1=N[C@@H](CS1)C(=O)N[C@@H](CC(C)C)C(=O)N[C@H](CCC(=O)O)C(=O)N[C@@H]([C@@H](C)CC)C(=O)N[C@H]2CCCCNC(=O)[C@H](CC(=O)N)NC(=O)[C@@H](CC(=O)O)NC(=O)[C@H](Cc3cnc[nH]3)NC(=O)[C@@H](Cc4ccccc4)NC(=O)[C@@H](NC(=O)[C@@H](CCCN)NC2=O)[C@@H](C)CC
2593,CHEMBL20403,3.52,COC1(CCOCC1)c2cc(F)cc(OCc3ccc4N(C)C(=O)C=Cc4c3)c2
3722,CHEMBL59925,0.85,Cc1cc(C)nc(N)c1
1373,CHEMBL1402150,2.0,Fc1ccc(cc1F)N2C=CN=C(SCC(=O)NC3CCCC3)C2=O
2683,CHEMBL460102,2.16,CC(C)n1c(C)ncc1c2nc(Nc3ccc(cc3)C(=O)N4CC[C@@H](C4)N(C)C)ncc2F
1796,CHEMBL1766081,3.8,CC(C)OC(=O)N1CCC(CC1)Oc2ncnc(Oc3cccnc3C)c2C
2697,CHEMBL266094,1.53,Nc1ncnc2c1ncn2Cc3ccccc3
3621,CHEMBL402548,2.0,CO[C@@H](C(=O)N1Cc2n[nH]c(NC(=O)c3ccc(cc3)N4CCN(C)CC4)c2C1)c5ccccc5
2294,CHEMBL521815,1.03,CN1CCN(CC1)C(=O)c2cc(CC3=NNC(=O)c4ccccc34)ccc2F
2887,CHEMBL2059862,2.67,Cc1ccc(cc1NC(=O)c2ccc(OCc3ccccn3)cc2)c4ncc(C)n4C
2523,CHEMBL810,-1.08,CN1N=Nc2c(ncn2C1=O)C(=O)N
2501,CHEMBL101311,2.9,CN(C)CC(O)COc1ccc(Nc2nccc(Nc3cc(Cl)ccc3Cl)n2)cc1
1804,CHEMBL1623850,1.6,CC(=O)N1CCN(CC(O)COc2ccc(Br)cc2)CC1
448,CHEMBL158766,1.37,Cc1ccc(O)c(O)c1
3535,CHEMBL1184160,2.8,CC(O)C(C)OC(=O)[C@@H]1CC2C(Cc3cn(C(C)C)c4cccc2c34)N(C)C1
3732,CHEMBL352576,2.5,CC(=O)NCc1ccc(CN2CCN(CC2)c3ccc(F)cc3F)cc1
1820,CHEMBL251290,2.53,COc1ccc2c(C)cc(N[C@H]3CC[C@@H](C3)NCc4cn(C)c5ccccc45)nc2c1
3635,CHEMBL2335866,3.14,COCCNC(=O)c1ccc(Nc2ncc3cc(ccc3n2)c4ccncc4OC)cc1
676,CHEMBL1538897,3.4,COc1ccc(Cl)cc1NC(=O)CCS(=O)(=O)c2ccc(Br)cc2
1636,CHEMBL2325742,3.3,C[C@@H](NC(=O)C1(N)CCN(CC1)c2ncnc3[nH]ccc23)c4ccc(Cl)cc4
940,CHEMBL1481,1.73,CCC1=C(C)CN(C(=O)NCCc2ccc(cc2)S(=O)(=O)NC(=O)N[C@@H]3CC[C@@H](C)CC3)C1=O
863,CHEMBL2153173,3.24,CCCSc1ncccc1C(=O)NC2CCCCC2
367,CHEMBL2171036,1.39,COc1ccc(cc1)S(=O)(=O)NC(=O)N2CCC(CC2)N3CCC(CC3)Oc4ccc(Cl)c(Cl)c4
3671,CHEMBL419951,3.55,CC(C)n1c2ccccc2c3cc(NC(=O)N4CCOCC4)ccc13
2805,CHEMBL511782,2.55,COc1ccc(N(C(C(=O)NC[C@@H](C)O)c2ccccc2F)C(=O)c3ccccc3)c(OC)c1
3704,CHEMBL51697,2.11,CN1C[C@@H](c2ccccc2)c3cccc(N)c3C1
1509,CHEMBL696,0.23,CCC1(C)CC(=O)NC1=O
2779,CHEMBL1824035,0.15,CN(C)S(=O)(=O)c1ccc2OCC(=O)N(CCN3CCC(CC3)NCc4ccc5OCC(=O)Nc5n4)c2c1
257,CHEMBL1371,2.16,Clc1ccc2OC(=O)Nc2c1
565,CHEMBL467028,3.12,Oc1ccc2OC(=O)C(=Cc2c1)c3ccccc3
2108,CHEMBL2163584,3.12,Brc1cccc2c3CN(CCc3[nH]c12)C(=O)[C@@H]4CCCC[C@H]4C(=O)NC5(CC5)C#N
2491,CHEMBL1255840,-0.27,CC1(C)CCC(CC1)NC(=O)[C@@H](N)CCC(=O)O
212,CHEMBL306262,3.2,CCCCCC[C@H]1OC(=O)CNC(=O)[C@H](NC(=O)[C@H](CO)NC(=O)[C@@H](NC(=O)[C@H](CC(C)C)N(C)C(=O)[C@@H]1C)[C@H](C)CC)[C@H](C)O
2785,CHEMBL2207599,-0.8,COc1cc(OC)c(cc1NC(=O)CCC(=O)O)S(=O)(=O)N(c2ccccc2)c3ccccc3
1215,CHEMBL66520,1.84,CC(C)C(NC(=O)CN1C(=O)C(=CC=C1c2ccccc2)NC=O)C(=O)C(F)(F)F
3673,CHEMBL1950727,2.01,CN[C@@H](C)C(=O)N[C@@H](C1CCCCC1)C(=O)N[C@H]2CCCN(Cc3ccccc3)C2
13,CHEMBL2153181,1.95,CCCSc1ncccc1C(=O)N2CCCC2c3ccncc3
626,CHEMBL914,0.42,CC(C)(C(=O)O)c1ccc(cc1)C(O)CCCN2CCC(CC2)C(O)(c3ccccc3)c4ccccc4
431,CHEMBL1783259,3.65,COc1ccc(OC)c(c1)c2cccc3c(N)c(nnc23)C(=O)NC(C)C
3246,CHEMBL471578,2.72,Nc1c(Nc2ccccc2)nc(nc1N3CCOCC3)C#N
341,CHEMBL2086691,3.1,C[C@@H]1CN(CCN1c2ncc(OCc3ccncc3C#N)cn2)c4noc(n4)C5CC5
34,CHEMBL1796293,2.57,O=C(NCc1ccncc1)c2ccc(Oc3ccccc3C#N)cc2
4114,CHEMBL2335900,1.69,C[C@@H](NC(=O)[C@H]1CCCNC1)c2ccc(Nc3ncc4cc(ccc4n3)c5ccncc5)cc2
1401,CHEMBL1682956,3.45,CC[C@H](NC(=O)c1c([S+]([O-])CC)c(nc2ccccc12)c3ccccc3)c4ccccc4
2124,CHEMBL2208426,2.86,CS(=O)(=O)c1ccc(s1)C(=O)NC[C@@H](O)CN2CCC(CC2)Oc3ccc(Cl)c(Cl)c3
651,CHEMBL521851,3.3,CS(=O)(=O)N1CCN(Cc2cc3nc(nc(N4CCOCC4)c3s2)c5cccc6[nH]ncc56)CC1
2147,CHEMBL1778644,-0.92,CCS(=O)(=O)c1ccc(c(F)c1)c2cc(Cl)ccc2OCC(=O)O
278,CHEMBL1068,1.28,NC(=O)N1c2ccccc2CC(=O)c3ccccc13
201,CHEMBL559968,1.29,Clc1ccccc1CCNC(=O)c2cc(ccc2Cl)N3N=CC(=O)NC3=O
3137,CHEMBL1180257,0.6,CCC(N1NC(=O)C2=C(C1=O)C(=O)c3ccc(Cl)cc3N2)c4ccncc4
4118,CHEMBL1682938,3.17,CC[C@H](NC(=O)c1c([S+](C)[O-])c(nc2ccccc12)c3ccccc3)c4ccccc4
271,CHEMBL1359777,3.46,Cc1cc(C(=O)CN2C=C(C=CC2=O)C(F)(F)F)c(C)n1Cc3ccccc3
602,CHEMBL422329,2.16,NC(=N)Nc1cc(Cl)nc(n1)c2ccccc2
3999,CHEMBL1369722,2.07,Oc1ncnc2scc(c3ccccc3)c12
2898,CHEMBL637,0.99,COc1ccc(cc1)C(CN(C)C)C2(O)CCCCC2
2936,CHEMBL50973,2.56,[O-][N+](=O)c1ccc2C(=O)C(=O)c3ccccc3c2c1
2929,CHEMBL383669,3.8,CC(C)CN1C(=O)N(C)C(=O)c2c1sc(Cc3ccccc3C(F)(F)F)c2C(=O)N4CCCC4
2335,CHEMBL38182,1.64,Brc1ccccc1NC(=O)Nc2ccc(C#N)c3[nH]nnc23
2015,CHEMBL13698,0.6,C1CN=C(N1)c2ccc3ccccc3n2
1571,CHEMBL1630140,2.6,CCN1CCN(CC(=O)Nc2ccc(c3cccc4C(=O)C=C(Nc34)N5CCOCC5)c6sc7ccccc7c26)CC1
731,CHEMBL561368,3.57,CC(C)NC(=O)c1cnc(N2CCC(CC2)N3C(=O)OCc4ccccc34)c(Cl)c1
3010,CHEMBL487066,3.06,CC(C)n1c(C)ncc1c2ccnc(Nc3ccc(cc3)C(=O)NC4CC4)n2
3902,CHEMBL1762549,2.8,COCCN(c1ccnc(Nc2cc(cc(c2)N3CCOCC3)N4CCOCC4)n1)c5cc(CO)ccc5C
1516,CHEMBL1084327,1.18,OC(=O)CC(=O)N[C@H]1[C@@H](Cc2ccccc12)NC(=O)c3cc4sc(Cl)c(Cl)c4[nH]3
3309,CHEMBL1209656,2.84,Fc1ccc(cc1F)S(=O)(=O)NCC(N2CCCCCC2)c3ccccc3
2780,CHEMBL563545,2.07,O\N=C\1/C(=O)N(Cc2ccccc2[N+](=O)[O-])c3ccccc13
1856,CHEMBL513192,2.2,CN1C=C(C(=O)c2c(O)cc(O)cc12)c3ccc(O)cc3
699,CHEMBL2151319,2.74,C[C@H](Nc1ccc2ncn(c3cc([nH]n3)C4CC4)c2n1)c5ncc(F)cn5
2599,CHEMBL1472545,3.2,Nc1ccc(cc1)C2(CCCCC2)c3ccc(N)cc3
1153,CHEMBL2207226,3.37,COc1cc(OC)c(cc1NC(=O)Cc2ccnc(F)c2)S(=O)(=O)N3c4ccccc4Oc5ccccc35
2253,CHEMBL2017459,3.3,CCN(C(=O)c1oc(cc1)c2ccc(Cl)cc2)c3ccc(cc3)N4CCNCC4
1026,CHEMBL1951916,1.93,CCN(C1CCN(CC[C@H](C2CCN(CC2)S(=O)(=O)C)c3cc(C)cc(C)c3)CC1)C(=O)Cc4ccc(cc4)S(=O)(=O)C
2633,CHEMBL1221607,0.91,NC1=NC(Nc2cccc(F)c12)c3cccs3
3850,CHEMBL2036754,2.54,Clc1ccc(NC(=O)N2CCN(C[C@@H]3CCCN(CC4CC4)C3)CC2)cc1Cl
3370,CHEMBL1272,2.31,CCOc1cc(CC(=O)N[C@@H](CC(C)C)c2ccccc2N3CCCCC3)ccc1C(=O)O
3314,CHEMBL1916538,0.5,COc1ccc2COC(=O)N(CCN3CCC(CC3)NCc4ccc5OCC(=O)Nc5n4)c2c1
1350,CHEMBL300791,3.3,COc1cc2ncnc(Nc3ccc(F)c(Cl)c3)c2cc1OCCN4CCN(C)CC4
2439,CHEMBL2331754,2.69,CC1=CN([C@H]2CCCN(C2)S(=O)(=O)c3ccc(CO)c(Oc4cccc(Cl)c4)c3)C(=O)NC1=O
3682,CHEMBL2069324,3.5,O=C(NC1(CC1)C#N)[C@@H]2CCCC[C@H]2C(=O)N3CCN(CC3)c4nc(cs4)c5ccccc5
1905,CHEMBL289832,0.21,Oc1nc2cc(Cl)c(Cl)c(c2nc1O)[N+](=O)[O-]
1202,CHEMBL2179279,1.37,CCC(C)(C)C[C@@H](N1CCC[C@@H](C1)N2C=C(C)C(=O)NC2=O)c3ccc(C(=O)O)c(Oc4cccc(Cl)c4)c3
1722,CHEMBL186995,3.68,Clc1ccccc1CNC(=O)c2cccnc2Oc3ccccc3
2858,CHEMBL2347404,3.2,Fc1cccc(COc2ccc(Nc3ncnc4ccc(cc34)c5cccc(c5)N6CCOCC6)cc2Cl)c1
3908,CHEMBL365458,3.37,Oc1cccc2nc(cc(O)c12)c3ccccc3
1978,CHEMBL122695,1.49,CC(=O)NC[C@H]1CN(C(=O)O1)c2ccc(N3CCN(CC3)c4cnccn4)c(F)c2
776,CHEMBL404108,1.02,Cc1ccc(Nc2c(F)cccc2Cl)c(CC(=O)O)c1
4010,CHEMBL2331740,-0.87,CC1=CN([C@H]2CCCN(C2)S(=O)(=O)c3ccc(C(=O)O)c(Oc4ccc(Cl)c(Cl)c4)c3)C(=O)NC1=O
980,CHEMBL257176,1.58,Nc1ccccc1NC(=O)c2ccc(cc2)c3ncccc3C#N
575,CHEMBL2086676,3.7,Cc1cc(COc2cnc(nc2)N3CCN(CC3)C(=O)OC(C)(C)C)ccn1
1241,CHEMBL272842,0.8,OCc1ccc(OC2CCN(CC3CCN(CC3)[C@@H](Cc4ccccc4)C(=O)O)CC2)cc1Cl
2734,CHEMBL115,2.9,CC(C)(C)NC(=O)[C@@H]1CN(Cc2cccnc2)CCN1C[C@@H](O)C[C@@H](Cc3ccccc3)C(=O)N[C@@H]4[C@H](O)Cc5ccccc45
3587,CHEMBL1209657,3.98,Fc1ccc(cc1Cl)S(=O)(=O)NCC(N2CCCCCC2)c3ccccc3
4148,CHEMBL1934415,1.97,C[C@H](NC(=O)c1c(C)nn(C2CCCCC2)c1NS(=O)(=O)c3ccc(C)cc3)C(C)(C)C
1040,CHEMBL121,2.5,CN(CCOc1ccc(CC2SC(=O)NC2=O)cc1)c3ccccn3
720,CHEMBL425300,2.9,Cc1cnc(NC(=O)Cc2ccccc2)s1
704,CHEMBL1312533,2.79,CC(=O)NC1CC2CCCC(C1)N2C(=O)Nc3ccc(Cl)c(c3)C(F)(F)F
730,CHEMBL354788,1.2,NC1=NC(Nc2c(F)ccc(F)c12)c3occc3
2419,CHEMBL1892245,-1.31,OC(=O)CSc1c[nH]c2ccccc12
2070,CHEMBL32363,1.06,COC(=O)C1C(CC2CCC1N2C)OC(=O)c3ccccc3
2893,CHEMBL2087861,4.13,CCN1C(=O)N(CC2CC2)c3nn(Cc4ccnc5ccc(Cl)cc45)c(c3C1=O)c6cc(cn6C)C#N
2188,CHEMBL1333961,1.92,Nc1[nH]nc2cccc(Cl)c12
1230,CHEMBL2012204,2.88,Cc1onc(c1)[C@H](O)[C@](C)(OCc2ccc(cc2)c3ccccc3)C(=O)NO
522,CHEMBL2335905,3.02,C[C@@H](NC1=CC(=O)NCC1)c2ccc(Nc3ncc4cc(ccc4n3)c5ccncc5)cc2
2487,CHEMBL388525,3.39,Oc1cc(O)c2C(=O)c3ccccc3Oc2c1
1055,CHEMBL81642,2.2,COc1cc(ccc1Cn2ccc3ccc(NC(=O)OC4CCCC4)cc23)C(=O)NS(=O)(=O)c5ccccc5
792,CHEMBL1454,0.81,C1CN2C[C@@H](N=C2S1)c3ccccc3
3231,CHEMBL1199945,3.4,COCC(=O)N1CCC(CC1)n2cc(cn2)c3cnc(N)c(c3)c4oc5ccccc5n4
3833,CHEMBL514980,3.46,CN(CCOc1ccccc1c2cc(C(=O)N)c(NC(=O)N)s2)Cc3ccccc3
698,CHEMBL1917450,-0.83,Cc1c(c2c(NS(=O)(=O)C)cccc2n1CC(=O)O)S(=O)(=O)c3ccc(Cl)cc3
4162,CHEMBL1778630,1.38,OC(=O)COc1ccc(cc1c2ccccc2c3ccccc3)C(F)(F)F
2447,CHEMBL1689117,0.99,OC(=O)COc1ccc(Cl)cc1CN2CCN(CC2)S(=O)(=O)c3ccc(F)cc3
2136,CHEMBL2021706,0.4,CCC[C@@H](CNC(=O)c1nc(Cl)c(N)nc1N)[N+](C)(C)CCCc2ccc(OC)cc2
1604,CHEMBL481596,2.63,CN1CCN(CC1)c2cc3c(Nc4ccc(F)cc4F)c(cnc3cc2F)C(=O)N
3108,CHEMBL1460615,1.4,OC1CS(=O)(=O)CC1N2CCC(CC2)c3ccccc3
3355,CHEMBL270995,3.19,C[C@H](COc1cn2ncnc(Oc3ccc4[nH]c(C)cc4c3F)c2c1C)OC(=O)[C@H](C)N
2127,CHEMBL2171029,1.6,OC(=O)CCCCn1nnc(n1)c2ccc(cc2)C(=O)N3CCC(CC3)N4CCC(CC4)Oc5ccc(Cl)c(Cl)c5
3578,CHEMBL2158816,2.6,OC(=O)C(N1CCCC(CN2CCC(CC2)Oc3ccc(Cl)c(Cl)c3)C1)c4ccccc4
2249,CHEMBL402728,1.73,C[C@H](CO)Nc1nc(SCc2csc(C)n2)nc3NC(=O)Sc13
3366,CHEMBL57990,2.9,COc1cc2ncnc(Nc3ccc(F)c(Cl)c3)c2cc1OCCCN(C)C
3793,CHEMBL1809205,3.3,COc1cc(ccc1Nc2ncc(Cl)c(n2)c3cnc4cc(C)ccn34)N5CCN(CC5)C(=O)C
4041,CHEMBL1008,3.66,CC(C)COCC(CN(Cc1ccccc1)c2ccccc2)N3CCCC3
3422,CHEMBL399539,3.77,COC(=O)C1=C(C)NC(=C([C@@H]1c2cccc3nonc23)C(=O)OC(C)C)C
2422,CHEMBL2164672,0.9,O=C(NCC#N)[C@@H]1CCCC[C@H]1C(=O)N2CCCCC2
492,CHEMBL208330,2.9,CC(C)CN1C(=O)N(C)C(=O)c2c1sc(Cc3ccccc3C(F)(F)F)c2C(=O)N(C)C
3672,CHEMBL524645,3.33,CC(C)Oc1ccc(cc1C(=O)N2CCN(CC2)c3ccc(cc3)C(F)(F)F)S(=O)(=O)C
3449,CHEMBL1221551,3.53,CC(C)CN1C(=O)N(C)C(=O)c2c1sc(Cc3ccccc3C(F)(F)F)c2C(=O)N4CC=CC4
3975,CHEMBL427851,1.03,Cc1oc(CN2CCNCC2)cc1C(=O)NCC34CC5CC(CC(C5)C3)C4
1483,CHEMBL11098,2.47,CC(C)C(NC(=O)CN1C(=O)C(=CN=C1c2ccc(F)cc2)NC(=O)OCc3ccccc3)C(=O)C(F)(F)F
1,CHEMBL1951080,-1.18,COc1cc(OC)c(cc1NC(=O)CSCC(=O)O)S(=O)(=O)N2C(C)CCc3ccccc23
3767,CHEMBL16,2.41,OC1=NC(=O)C(N1)(c2ccccc2)c3ccccc3
1199,CHEMBL1809196,3.7,COc1cc(ccc1Nc2ncc(c(n2)c3cnc4ccccn34)C(F)(F)F)N5CCN(CC5)C(=O)C
1807,CHEMBL1682793,2.9,O=C1C=CN=C2C=C(C=CN12)C#Cc3ccccc3
1631,CHEMBL1221659,1.62,Cc1cc(N)nc(CCNC(=O)c2ccc(cc2)C#N)c1
2119,CHEMBL2207658,3.34,O[C@H](CNC(=O)c1c[nH]nc1C(F)(F)F)CN2CCC(CC2)Oc3ccc(Cl)c(Cl)c3
219,CHEMBL142715,3.3,C(CN1CCCCC1)C2CCc3cc(OCc4ccc(cc4)c5ccccc5)ccc3C2
1524,CHEMBL526925,2.61,Cn1cnc(c2ccccc2)c1\C=C\c3ccnc(N)n3
2714,CHEMBL2062580,2.94,CC(=O)Nc1ccc2c(c1)c(cn2C)c3cc(NC4CC4)n5ncc(C#N)c5n3
3780,CHEMBL163,4.3,CC(C)[C@H](NC(=O)N(C)Cc1csc(n1)C(C)C)C(=O)N[C@H](C[C@H](O)[C@H](Cc2ccccc2)NC(=O)OCc3cncs3)Cc4ccccc4
3100,CHEMBL425518,2.35,CNC1CCN(C1)c2ccc(NC(=O)c3ccc(cc3)c4ccccc4)cn2
3213,CHEMBL271013,3.12,C[C@H](CO)Nc1nc(SCc2ccccc2)nc3nc(N)sc13
2234,CHEMBL1422,0.31,N[C@@H](CC(=O)N1CCn2c(C1)nnc2C(F)(F)F)Cc3cc(F)c(F)cc3F
3496,CHEMBL2325985,4.1,NC1(CCN(CC1)c2ncnc3[nH]ccc23)C(=O)NC(Cc4ccccc4)c5ccc(Cl)cc5
701,CHEMBL33899,3.89,CC\C(=C(/c1ccccc1)\c2ccc(\C=C\C(=O)O)cc2)\c3ccccc3
3219,CHEMBL192307,3.82,CCCCc1nc2c(N)nc3ccccc3c2n1CC(C)C
2480,CHEMBL177611,0.6,Clc1ccc(cc1)C(=O)N[C@H]2CN3CCC2CC3
3858,CHEMBL2070944,2.87,Cc1sc(nc1C(F)(F)F)N2CCN(CC2)C(=O)[C@@H]3CCCC[C@H]3C(=O)NC4(CC4)C#N
1917,CHEMBL2089277,0.3,OC(=O)c1cccc(c1)c2cccc(c2)C#N
3837,CHEMBL2325989,1.3,CC(NC(=O)C1(N)CCN(CC1)c2ncnc3[nH]ccc23)c4ccccn4
1471,CHEMBL266922,2.05,CCCSc1nc(N[C@@H]2C[C@H]2c3ccccc3)c4nnn([C@@H]5C[C@@H]([C@@H](O)[C@H]5O)C(=O)N)c4n1
66,CHEMBL2152917,3.4,CO[C@@H]1CC[C@@]2(CC1)Cc3ccc(OCC(C)C)cc3C24N=C(C)C(=N4)N
1292,CHEMBL558752,3.45,Cn1c(Nc2ccc(cc2)C(F)(F)F)nc3cc(Oc4ccnc(c4)c5ncc([nH]5)C(F)(F)F)ccc13
2442,CHEMBL442137,1.7,CC12NC(Cc3ccccc13)c4ccccc24
1642,CHEMBL1173655,3.7,CN(C)C\C=C\C(=O)Nc1cc2c(Nc3ccc(F)c(Cl)c3)ncnc2cc1O[C@H]4CCOC4
1458,CHEMBL101892,-0.87,NC(=O)c1cn([C@@H]2O[C@H](CO)[C@@H](O)[C@H]2O)c3ncnc(N)c13
171,CHEMBL1233655,0.55,CC(=O)Nc1nc(C)c(s1)c2cnc(F)c(NS(=O)(=O)c3sc(C)nc3C)c2
11,CHEMBL578201,2.61,C[C@H](Nc1nc(Nc2cc(C)[nH]n2)c(C)nc1C#N)c3ccc(F)cn3
2036,CHEMBL2158770,2.26,OC(=O)[C@H](Cc1cccc(c1)C#N)N2CCC(CN3CCC(CC3)Oc4ccc(Cl)c(Cl)c4)CC2
608,CHEMBL1545465,2.42,COc1ccc(cc1)C(=O)C2CCN(CC2)C(=O)c3occc3
3358,CHEMBL339898,1.9,CCN(CC)C(=O)c1ccc(cc1)C(=C2CCNCC2)c3cccc(c3)C(F)(F)F
2135,CHEMBL393348,1.58,Clc1ccc(cc1C(=O)NCC23CC4CC(CC(C4)C2)C3)C5CCNCC5
343,CHEMBL1084762,2.53,OC(=O)C[C@H]1[C@@H](Cc2ccccc12)NC(=O)c3cc4sc(Cl)c(Cl)c4[nH]3
2588,CHEMBL443,-0.56,Cc1onc(NS(=O)(=O)c2ccc(N)cc2)c1
1564,CHEMBL1600099,3.31,Clc1ccc2NC(=O)CN(C(c3ccccc3)c2c1)C(=O)c4ccccc4
680,CHEMBL2171991,1.99,O=C(NC1(CC1)C#N)[C@@H]2CCCC[C@H]2C(=O)N3CCN(CC3)c4ccccc4
3699,CHEMBL528724,0.7,Cc1cc2nc(NC(=N)N)nc(C)c2cc1C
1091,CHEMBL47875,4.1,Oc1ccc(cc1)c2nc3ccccc3s2
850,CHEMBL1916082,0.79,CCC(CC)NC(=O)c1cnn(c1NS(=O)(=O)c2ccc(C)cc2)c3ccccc3
3803,CHEMBL492671,0.9,Fc1ccc(CC2=NNC(=O)c3ccccc23)cc1C(=O)N4CCN(CC4)C(=O)C5CCCO5
3622,CHEMBL1951909,1.25,CCN(C1CCN(CC[C@H](N2CCN(CC2)S(=O)(=O)C)c3cc(F)cc(F)c3)CC1)C(=O)Cc4ccc(cc4)S(=O)(=O)C
3657,CHEMBL1567398,3.6,CC1=C(Cc2ccccc2)C(=O)n3nc(NCc4cccc(Cl)c4)nc3N1
3153,CHEMBL1916289,2.35,C[C@H](NC(=O)c1c(C)nn(c1NS(=O)(=O)c2ccc(cc2)C(F)(F)F)c3ccc(F)cc3)C(C)(C)C
1729,CHEMBL2207607,-0.34,COc1cc(OC)c(cc1NC(=O)CCc2nn[nH]n2)S(=O)(=O)N3C(C)CCc4ccccc34
3121,CHEMBL897,0.03,CCCN(CCC)S(=O)(=O)c1ccc(cc1)C(=O)O
2565,CHEMBL1829442,4.14,CCC(NC(=O)c1ccc(C)cc1)C2=Nc3ccsc3C(=O)N2Cc4ccccc4
1144,CHEMBL226905,0.9,CC(N1NC(=O)C2=C(C1=O)C(=O)c3ccc(Cl)cc3N2)c4ccsc4
1533,CHEMBL2035024,2.5,NC1(CCC1)c2ccc(cc2)c3ncc4cccn4c3c5ccccc5
1854,CHEMBL2030560,2.29,Nc1nc2ccc(cc2[nH]1)C(=O)c3ccccc3
2701,CHEMBL1829408,2.72,CCC(N(CCCN)C(=O)c1ccc(cc1)C(C)C)C2=Nc3ccsc3C(=O)N2Cc4ccccc4
513,CHEMBL2062570,3.57,CC(=O)Nc1ccc2ccn(c3cc(Nc4ccn(C)n4)n5ncc(C#N)c5n3)c2c1
4079,CHEMBL146095,3.5,OCC(O)COC(=O)c1ccccc1Nc2ccnc3cc(Cl)ccc23
2449,CHEMBL2139925,4.1,CCc1nc2ccc(cn2c1N(C)Cc3cccs3)C(=O)NCc4ccc5OCOc5c4
2952,CHEMBL388474,2.0,Oc1ccc(cc1)N2C(=O)c3ccccc3C2=O
3054,CHEMBL487622,0.7,CNC(=O)c1ccc(cc1)c2cc(C(=O)N[C@H]3CCCNC3)c(NC(=O)N)s2
2056,CHEMBL208292,3.58,COc1cc2ncnc(Nc3cccc(Cl)c3F)c2cc1CN4CCC[C@@H]4C(=O)N
2856,CHEMBL1257015,1.23,COc1ccc(cc1C(=O)NCc2cccnc2)C(=O)NCc3cccnc3
2815,CHEMBL93354,0.99,Clc1ccc(NCCNCC(=O)N2CCC[C@H]2C#N)nc1
2641,CHEMBL481205,2.24,COCCOc1cc2ncc(C(=O)N)c(Nc3ccc(C)cc3F)c2cc1N4CCN(C)CC4
3903,CHEMBL2171278,3.8,Cc1ccc(NC(=O)[C@@H]2CCCN2S(=O)(=O)c3cccc4cccnc34)c(C)c1
265,CHEMBL418822,3.05,CC(C)C(NC(=O)CN1C(=O)C(=CC=C1c2cccnc2)NC(=O)OCc3ccccc3)C(=O)C(F)(F)F
2001,CHEMBL440765,0.99,CN([C@H]1CC[C@@]2(CCCO2)C[C@@H]1N3CCCC3)C(=O)Cc4ccccc4
2973,CHEMBL2165057,0.51,CO[C@H]1CN(CCN2C(=O)C=Nc3ccc(OC)cc23)CC[C@H]1NCc4ccc5OCC(=O)Nc5n4
3361,CHEMBL2207282,2.17,NS(=O)(=O)c1ccc2C(=CNC(=O)c2c1)C(=O)NC[C@@H](O)CN3CCC(CC3)Oc4ccc(Cl)c(Cl)c4
1668,CHEMBL1778372,-0.41,COC[C@H](C)Oc1cc(Oc2ccc(cc2)S(=O)(=O)C)cc(c1)C(=O)Nc3ccc(cn3)C(=O)O
2160,CHEMBL1682283,0.92,OC(=O)c1ccc2c(c1)nc(Nc3cccc(c3)C#C)c4ncncc24
778,CHEMBL1287891,0.77,NC(=O)c1cnc(N[C@H]2CCCNC2)c3cc(sc13)c4ccncc4
4123,CHEMBL1739708,2.19,COc1ccc(cc1)c2nc(N)s[n+]2c3ccccc3
768,CHEMBL1683033,1.99,CCOc1cc2nnc(C(=O)N)c(Nc3cccc(Cl)c3F)c2cc1N4CCN(C)CC4
1366,CHEMBL583390,3.4,CCOc1ccc2nc(NC(=O)CC)sc2c1
3176,CHEMBL1994944,1.61,Cn1ncc2C(=O)NC(=Nc12)c3ccccc3
3782,CHEMBL1088752,3.5,Cc1c(F)cc(cc1c2ccc(cn2)C(=O)NCC(C)(C)C)C(=O)NC3CC3
2553,CHEMBL355236,2.8,CCCc1c(O)c(ccc1OCc2ccc(cc2OC)c3nn[nH]n3)C(=O)C
3752,CHEMBL2177612,1.03,CCCSc1c(cnn1[C@@H]2CC[C@H](CC2)C(=O)O)C(=O)NC3CCCCC3
374,CHEMBL550438,3.56,CC1CCC(CC(=O)Nc2cccc3ncccc23)CC1
202,CHEMBL1180299,1.1,Clc1ccc2C(=O)C3=C(Nc2c1)C(=O)NN(Cc4ccccn4)C3=O
